{"stats":{"minecraft:used":{"minecraft:golden_boots":3,"minecraft:trident":19,"minecraft:netherite_sword":14,"minecraft:stone_sword":44,"minecraft:armor_stand":25,"minecraft:glass_bottle":1,"minecraft:netherite_chestplate":6,"minecraft:ender_pearl":20,"minecraft:shield":1,"minecraft:iron_sword":38,"minecraft:leather_boots":5,"minecraft:spyglass":119,"minecraft:netherite_leggings":5,"minecraft:crossbow":271,"minecraft:netherite_helmet":7,"minecraft:lingering_potion":20,"minecraft:golden_chestplate":1,"minecraft:wooden_axe":5,"minecraft:firework_rocket":26,"minecraft:grass_block":27,"minecraft:netherite_axe":114,"minecraft:iron_helmet":1,"minecraft:golden_helmet":5,"minecraft:netherite_boots":5,"minecraft:diamond_chestplate":2,"minecraft:fishing_rod":4,"minecraft:diamond_sword":137,"minecraft:wooden_sword":61,"minecraft:potion":201,"minecraft:bow":429,"minecraft:smithing_table":2,"minecraft:splash_potion":5},"minecraft:dropped":{"minecraft:spyglass":1,"minecraft:glass_bottle":36,"minecraft:netherite_axe":1,"minecraft:netherite_chestplate":1,"minecraft:spectral_arrow":131,"minecraft:leather":3,"minecraft:saddle":3,"minecraft:tipped_arrow":10,"minecraft:lingering_potion":1,"minecraft:potion":2,"minecraft:arrow":4,"minecraft:bow":1,"minecraft:stone_pickaxe":2},"minecraft:killed":{"minecraft:horse":5},"minecraft:custom":{"minecraft:interact_with_smithing_table":8,"minecraft:mob_kills":5,"minecraft:leave_game":8,"minecraft:time_since_death":27058,"minecraft:climb_one_cm":10269,"minecraft:damage_resisted":13092,"minecraft:time_since_rest":27083,"minecraft:sprint_one_cm":1144537,"minecraft:damage_absorbed":8126,"minecraft:damage_taken":41416,"minecraft:walk_one_cm":1972944,"minecraft:damage_blocked_by_shield":50,"minecraft:drop":68,"minecraft:damage_dealt":16244,"minecraft:damage_dealt_absorbed":4226,"minecraft:swim_one_cm":29,"minecraft:fly_one_cm":670563,"minecraft:player_kills":81,"minecraft:open_chest":3,"minecraft:crouch_one_cm":14741,"minecraft:play_time":267500,"minecraft:deaths":96,"minecraft:sneak_time":7180,"minecraft:walk_under_water_one_cm":10266,"minecraft:aviate_one_cm":1350270,"minecraft:jump":2433,"minecraft:walk_on_water_one_cm":32935,"minecraft:total_world_time":267500,"minecraft:fall_one_cm":284740,"minecraft:horse_one_cm":53587},"minecraft:picked_up":{"minecraft:netherite_boots":1,"minecraft:iron_chestplate":2,"minecraft:leather_leggings":1,"minecraft:leather":12,"minecraft:potion":65,"minecraft:netherite_leggings":1,"minecraft:elytra":1,"minecraft:wooden_sword":4,"minecraft:bow":1,"minecraft:netherite_sword":1,"minecraft:player_head":1,"minecraft:netherite_axe":1,"minecraft:diamond_helmet":2,"minecraft:glass_bottle":41,"minecraft:golden_helmet":1,"minecraft:tipped_arrow":13,"minecraft:spyglass":2,"minecraft:trident":2,"minecraft:spectral_arrow":65,"minecraft:arrow":3,"minecraft:saddle":7,"minecraft:netherite_chestplate":4,"minecraft:ender_pearl":80},"minecraft:crafted":{"minecraft:air":0,"minecraft:netherite_chestplate":16},"minecraft:killed_by":{"minecraft:player":87}},"DataVersion":3463}