{"stats":{"minecraft:picked_up":{"minecraft:glass_bottle":1,"minecraft:ender_pearl":16},"minecraft:used":{"minecraft:golden_boots":1,"minecraft:golden_helmet":1,"minecraft:netherite_sword":40,"minecraft:wooden_sword":60,"minecraft:spyglass":2,"minecraft:firework_rocket":6,"minecraft:potion":24,"minecraft:bow":19,"minecraft:netherite_leggings":1,"minecraft:glass_bottle":1,"minecraft:map":1,"minecraft:crossbow":111,"minecraft:ender_pearl":6,"minecraft:enchanted_golden_apple":14},"minecraft:dropped":{"minecraft:potion":1,"minecraft:glass_bottle":5},"minecraft:broken":{"minecraft:golden_helmet":1,"minecraft:wooden_sword":1},"minecraft:custom":{"minecraft:time_since_rest":22353,"minecraft:crouch_one_cm":6766,"minecraft:damage_absorbed":2126,"minecraft:sprint_one_cm":112717,"minecraft:play_time":41433,"minecraft:deaths":6,"minecraft:damage_taken":4266,"minecraft:walk_one_cm":96569,"minecraft:sneak_time":2872,"minecraft:walk_under_water_one_cm":862,"minecraft:drop":6,"minecraft:aviate_one_cm":477625,"minecraft:jump":371,"minecraft:damage_dealt":1771,"minecraft:leave_game":3,"minecraft:walk_on_water_one_cm":5984,"minecraft:time_since_death":22321,"minecraft:climb_one_cm":28,"minecraft:total_world_time":41433,"minecraft:damage_resisted":932,"minecraft:swim_one_cm":211,"minecraft:fall_one_cm":48837,"minecraft:fly_one_cm":90704,"minecraft:player_kills":8},"minecraft:killed_by":{"minecraft:player":5}},"DataVersion":3117}