{"stats":{"minecraft:custom":{"minecraft:mob_kills":62,"minecraft:interact_with_anvil":10,"minecraft:interact_with_crafting_table":11,"minecraft:open_barrel":2,"minecraft:fill_cauldron":4,"minecraft:open_shulker_box":25,"minecraft:bell_ring":1,"minecraft:leave_game":58,"minecraft:time_since_death":47254,"minecraft:climb_one_cm":65180,"minecraft:damage_resisted":1844,"minecraft:sprint_one_cm":5987544,"minecraft:walk_one_cm":13886033,"minecraft:damage_blocked_by_shield":602,"minecraft:drop":52,"minecraft:damage_dealt_absorbed":40,"minecraft:play_time":1721550,"minecraft:deaths":335,"minecraft:sneak_time":25361,"minecraft:walk_under_water_one_cm":94695,"minecraft:jump":10402,"minecraft:walk_on_water_one_cm":211785,"minecraft:total_world_time":1721550,"minecraft:tune_noteblock":15,"minecraft:time_since_rest":47284,"minecraft:open_enderchest":5,"minecraft:damage_taken":159155,"minecraft:damage_absorbed":32895,"minecraft:damage_dealt":60690,"minecraft:swim_one_cm":14710,"minecraft:fly_one_cm":6422332,"minecraft:player_kills":253,"minecraft:open_chest":137,"minecraft:crouch_one_cm":60120,"minecraft:aviate_one_cm":3839573,"minecraft:fall_one_cm":1698685,"minecraft:inspect_dispenser":23,"minecraft:horse_one_cm":318854},"minecraft:picked_up":{"minecraft:lingering_potion":25,"minecraft:fishing_rod":1,"minecraft:chicken":5,"minecraft:light_gray_shulker_box":9,"minecraft:lead":3,"minecraft:diamond_sword":3,"minecraft:potion":56,"minecraft:acacia_button":2,"minecraft:wooden_sword":2,"minecraft:elytra":1,"minecraft:item_frame":1,"minecraft:oak_sign":7,"minecraft:glass_pane":1,"minecraft:smooth_stone":1,"minecraft:beef":3,"minecraft:redstone_torch":1,"minecraft:birch_sapling":4,"minecraft:egg":11,"minecraft:golden_helmet":1,"minecraft:tipped_arrow":1,"minecraft:stick":17,"minecraft:lightning_rod":1,"minecraft:carrot":1,"minecraft:trident":2,"minecraft:redstone":32,"minecraft:diamond_chestplate":1,"minecraft:stone_sword":1,"minecraft:arrow":389,"minecraft:command_block":162,"minecraft:rotten_flesh":260,"minecraft:cooked_cod":2,"minecraft:saddle":30,"minecraft:netherite_boots":1,"minecraft:leather_chestplate":1,"minecraft:feather":5,"minecraft:lilac":4,"minecraft:repeater":36,"minecraft:iron_door":2,"minecraft:salmon":1,"minecraft:leather":509,"minecraft:packed_mud":1,"minecraft:paper":1,"minecraft:bone":322,"minecraft:apple":1,"minecraft:bow":4,"minecraft:iron_ingot":1,"minecraft:netherite_axe":1,"minecraft:glass_bottle":49,"minecraft:iron_sword":1,"minecraft:flowering_azalea":1,"minecraft:cooked_porkchop":64,"minecraft:spyglass":2,"minecraft:spectral_arrow":425,"minecraft:leather_helmet":1,"minecraft:dispenser":4,"minecraft:birch_sign":3,"minecraft:oak_sapling":26},"minecraft:used":{"minecraft:trident":77,"minecraft:netherite_sword":47,"minecraft:writable_book":18,"minecraft:iron_bars":89,"minecraft:stone_sword":386,"minecraft:smooth_quartz_slab":21,"minecraft:dispenser":16,"minecraft:red_concrete":90,"minecraft:spruce_slab":17,"minecraft:redstone":61,"minecraft:ladder":11,"minecraft:oak_sign":29,"minecraft:spruce_planks":69,"minecraft:axolotl_spawn_egg":1,"minecraft:chest":28,"minecraft:shield":7,"minecraft:tinted_glass":20,"minecraft:ender_chest":4,"minecraft:stone":42,"minecraft:iron_sword":249,"minecraft:zombie_spawn_egg":55,"minecraft:quartz_stairs":3,"minecraft:player_head":47,"minecraft:cooked_chicken":1,"minecraft:sculk_sensor":3,"minecraft:debug_stick":122,"minecraft:light_gray_shulker_box":8,"minecraft:dirt":43,"minecraft:anvil":8,"minecraft:skeleton_spawn_egg":41,"minecraft:white_carpet":13,"minecraft:blue_stained_glass":41,"minecraft:stone_stairs":8,"minecraft:yellow_carpet":4,"minecraft:allay_spawn_egg":1,"minecraft:acacia_button":2,"minecraft:spruce_fence":9,"minecraft:granite":9,"minecraft:cyan_wool":17,"minecraft:axolotl_bucket":1,"minecraft:blue_concrete":329,"minecraft:stripped_spruce_log":101,"minecraft:polished_blackstone_slab":1,"minecraft:birch_door":2,"minecraft:frog_spawn_egg":18,"minecraft:stone_brick_slab":12,"minecraft:stripped_dark_oak_wood":85,"minecraft:bricks":6,"minecraft:light_gray_stained_glass":29,"minecraft:quartz_slab":17,"minecraft:red_wool":31,"minecraft:grass_block":233,"minecraft:quartz_block":49,"minecraft:dark_oak_slab":27,"minecraft:smooth_quartz":252,"minecraft:mud_bricks":2,"minecraft:barrel":14,"minecraft:stone_brick_stairs":37,"minecraft:stone_bricks":427,"minecraft:repeater":125,"minecraft:red_carpet":11,"minecraft:birch_button":1,"minecraft:tripwire_hook":5,"minecraft:lime_concrete":9,"minecraft:bow":1909,"minecraft:iron_trapdoor":7,"minecraft:gold_block":3,"minecraft:egg":1,"minecraft:pearlescent_froglight":11,"minecraft:magenta_dye":1,"minecraft:turtle_spawn_egg":1,"minecraft:quartz_bricks":33,"minecraft:water_bucket":24,"minecraft:end_rod":3,"minecraft:birch_planks":6,"minecraft:lead":1,"minecraft:infested_stone":83,"minecraft:glass_bottle":9,"minecraft:stone_pickaxe":4,"minecraft:polished_andesite":75,"minecraft:oak_planks":117,"minecraft:smooth_sandstone_slab":3,"minecraft:blackstone":2,"minecraft:ender_pearl":51,"minecraft:cut_sandstone":47,"minecraft:spruce_sign":18,"minecraft:cauldron":5,"minecraft:white_dye":5,"minecraft:diamond_axe":8,"minecraft:glow_ink_sac":11,"minecraft:deepslate_bricks":2,"minecraft:waxed_copper_block":11,"minecraft:smooth_quartz_stairs":14,"minecraft:oak_leaves":3,"minecraft:white_wool":15,"minecraft:sand":924,"minecraft:comparator":3,"minecraft:light_blue_concrete":7,"minecraft:crafting_table":2,"minecraft:red_bed":1,"minecraft:birch_sign":23,"minecraft:stone_brick_wall":79,"minecraft:yellow_concrete":56,"minecraft:cyan_dye":6,"minecraft:sculk_shrieker":40,"minecraft:crossbow":741,"minecraft:sponge":21,"minecraft:dark_oak_fence_gate":16,"minecraft:chiseled_quartz_block":64,"minecraft:note_block":5,"minecraft:polar_bear_spawn_egg":3,"minecraft:ochre_froglight":6,"minecraft:gray_concrete":95,"minecraft:lingering_potion":38,"minecraft:warped_planks":16,"minecraft:deepslate_tiles":2,"minecraft:oak_log":1,"minecraft:mud":2,"minecraft:netherite_block":9,"minecraft:black_concrete":74,"minecraft:firework_rocket":88,"minecraft:command_block":271,"minecraft:heavy_weighted_pressure_plate":1,"minecraft:string":16,"minecraft:barrier":33,"minecraft:map":6,"minecraft:verdant_froglight":4,"minecraft:netherite_axe":30,"minecraft:stone_slab":217,"minecraft:red_terracotta":24,"minecraft:spruce_trapdoor":1,"minecraft:iron_door":2,"minecraft:deepslate":109,"minecraft:yellow_wool":20,"minecraft:blue_carpet":13,"minecraft:green_carpet":5,"minecraft:chiseled_stone_bricks":9,"minecraft:diamond_sword":692,"minecraft:fire_charge":100,"minecraft:wooden_sword":12,"minecraft:potion":675,"minecraft:stripped_oak_wood":82,"minecraft:dark_oak_fence":7,"minecraft:white_stained_glass":2,"minecraft:red_banner":4,"minecraft:repeating_command_block":8,"minecraft:smooth_stone_slab":62,"minecraft:polished_blackstone_button":9,"minecraft:white_concrete":63,"minecraft:smooth_stone":171,"minecraft:splash_potion":34},"minecraft:dropped":{"minecraft:iron_sword":1,"minecraft:glass_bottle":17,"minecraft:feather":2,"minecraft:lead":1,"minecraft:spectral_arrow":66,"minecraft:command_block":1,"minecraft:dispenser":1,"minecraft:potion":11,"minecraft:writable_book":1,"minecraft:smooth_stone":1,"minecraft:paper":1,"minecraft:fishing_rod":1,"minecraft:stone_sword":1,"minecraft:chicken":2,"minecraft:oak_planks":1,"minecraft:diamond_sword":3,"minecraft:tipped_arrow":304,"minecraft:trident":2,"minecraft:lingering_potion":2,"minecraft:chainmail_boots":1,"minecraft:birch_button":1,"minecraft:arrow":2,"minecraft:bow":1,"minecraft:egg":2},"minecraft:broken":{"minecraft:golden_helmet":2},"minecraft:mined":{"minecraft:dispenser":4},"minecraft:crafted":{"minecraft:firework_star":256,"minecraft:firework_rocket":384},"minecraft:killed":{"minecraft:allay":1,"minecraft:endermite":4,"minecraft:horse":14,"minecraft:skeleton":15,"minecraft:chicken":2,"minecraft:turtle":1,"minecraft:frog":2,"minecraft:polar_bear":3,"minecraft:zombie":9},"minecraft:killed_by":{"minecraft:player":309,"minecraft:ravager":3}},"DataVersion":3337}