{"stats":{"minecraft:dropped":{"minecraft:tipped_arrow":1,"minecraft:repeater":1,"minecraft:glass_bottle":19,"minecraft:lingering_potion":1,"minecraft:netherite_sword":1,"minecraft:glow_item_frame":1,"minecraft:spectral_arrow":6,"minecraft:arrow":1},"minecraft:custom":{"minecraft:time_since_rest":1913,"minecraft:damage_absorbed":2898,"minecraft:sprint_one_cm":1630293,"minecraft:damage_taken":34588,"minecraft:walk_one_cm":871371,"minecraft:mob_kills":3,"minecraft:drop":14,"minecraft:damage_dealt":11342,"minecraft:fly_one_cm":1042052,"minecraft:player_kills":70,"minecraft:open_barrel":2,"minecraft:open_chest":1,"minecraft:crouch_one_cm":5388,"minecraft:play_time":193446,"minecraft:deaths":64,"minecraft:bell_ring":8,"minecraft:sneak_time":1956,"minecraft:jump":3741,"minecraft:leave_game":3,"minecraft:walk_on_water_one_cm":33630,"minecraft:time_since_death":1889,"minecraft:climb_one_cm":3603,"minecraft:total_world_time":193446,"minecraft:damage_resisted":4736,"minecraft:use_cauldron":1,"minecraft:fall_one_cm":277806},"minecraft:killed":{"minecraft:endermite":3},"minecraft:used":{"minecraft:netherite_sword":17,"minecraft:trident":46,"minecraft:stone_sword":26,"minecraft:command_block":11,"minecraft:red_concrete":3,"minecraft:oak_planks":9,"minecraft:glass_bottle":12,"minecraft:netherite_chestplate":3,"minecraft:redstone":2,"minecraft:netherite_axe":47,"minecraft:ender_pearl":17,"minecraft:iron_sword":3,"minecraft:spruce_sign":1,"minecraft:diamond_axe":8,"minecraft:wooden_sword":6,"minecraft:fishing_rod":37,"minecraft:netherite_boots":3,"minecraft:diamond_sword":111,"minecraft:repeater":2,"minecraft:spyglass":9,"minecraft:potion":86,"minecraft:bow":219,"minecraft:netherite_leggings":3,"minecraft:jungle_button":3,"minecraft:birch_sign":3,"minecraft:crossbow":169,"minecraft:netherite_helmet":3,"minecraft:lingering_potion":43,"minecraft:splash_potion":61},"minecraft:killed_by":{"minecraft:player":62},"minecraft:broken":{"minecraft:fishing_rod":1},"minecraft:picked_up":{"minecraft:lingering_potion":14,"minecraft:tipped_arrow":2,"minecraft:splash_potion":8,"minecraft:repeater":1,"minecraft:glow_item_frame":1,"minecraft:potion":33,"minecraft:jungle_button":1,"minecraft:trident":1,"minecraft:waxed_exposed_cut_copper_stairs":64,"minecraft:golden_chestplate":1,"minecraft:iron_leggings":2,"minecraft:firework_rocket":600,"minecraft:arrow":3,"minecraft:bow":1,"minecraft:netherite_sword":1,"minecraft:iron_helmet":1,"minecraft:glass_bottle":22,"minecraft:iron_boots":1,"minecraft:ender_pearl":64}},"DataVersion":3117}