{"stats":{"minecraft:dropped":{"minecraft:rotten_flesh":4},"minecraft:custom":{"minecraft:time_since_rest":123,"minecraft:crouch_one_cm":22,"minecraft:walk_one_cm":225500,"minecraft:play_time":29784,"minecraft:sprint_one_cm":115349,"minecraft:damage_taken":4552,"minecraft:deaths":13,"minecraft:damage_absorbed":330,"minecraft:sneak_time":21,"minecraft:mob_kills":3,"minecraft:drop":1,"minecraft:aviate_one_cm":37614,"minecraft:jump":585,"minecraft:leave_game":1,"minecraft:damage_dealt":1911,"minecraft:walk_on_water_one_cm":388,"minecraft:time_since_death":60,"minecraft:total_world_time":29784,"minecraft:climb_one_cm":3687,"minecraft:damage_resisted":32,"minecraft:fall_one_cm":28555,"minecraft:fly_one_cm":156043,"minecraft:player_kills":6},"minecraft:killed":{"minecraft:endermite":1,"minecraft:zombie":2},"minecraft:used":{"minecraft:diamond_sword":14,"minecraft:stone_sword":3,"minecraft:bow":5,"minecraft:potion":10,"minecraft:netherite_axe":2,"minecraft:crossbow":22,"minecraft:ender_pearl":2,"minecraft:iron_sword":18,"minecraft:lingering_potion":1,"minecraft:splash_potion":1},"minecraft:killed_by":{"minecraft:player":13},"minecraft:picked_up":{"minecraft:arrow":6,"minecraft:rotten_flesh":8,"minecraft:bow":1,"minecraft:potion":47,"minecraft:stone_pickaxe":1,"minecraft:netherite_axe":1,"minecraft:shield":1,"minecraft:ender_pearl":20}},"DataVersion":3117}