{"stats":{"minecraft:mined":{"minecraft:grass_block":2,"minecraft:wall_torch":1},"minecraft:dropped":{"minecraft:diamond_sword":1,"minecraft:ender_pearl":8,"minecraft:netherite_sword":2},"minecraft:custom":{"minecraft:time_since_rest":761,"minecraft:sprint_one_cm":172046,"minecraft:walk_one_cm":220503,"minecraft:damage_taken":6936,"minecraft:damage_absorbed":151,"minecraft:mob_kills":1,"minecraft:drop":4,"minecraft:damage_dealt":1526,"minecraft:player_kills":5,"minecraft:fly_one_cm":144764,"minecraft:crouch_one_cm":634,"minecraft:play_time":91991,"minecraft:deaths":14,"minecraft:sneak_time":401,"minecraft:walk_under_water_one_cm":780,"minecraft:jump":333,"minecraft:leave_game":5,"minecraft:walk_on_water_one_cm":4125,"minecraft:time_since_death":721,"minecraft:total_world_time":91991,"minecraft:fall_one_cm":17896},"minecraft:killed":{"minecraft:spider":1},"minecraft:used":{"minecraft:netherite_sword":10,"minecraft:trident":1,"minecraft:stone_sword":4,"minecraft:firework_rocket":53,"minecraft:oak_stairs":6,"minecraft:netherite_chestplate":2,"minecraft:oak_planks":61,"minecraft:oak_sign":4,"minecraft:ender_pearl":30,"minecraft:iron_helmet":3,"minecraft:iron_boots":3,"minecraft:diamond_axe":1,"minecraft:leather_boots":1,"minecraft:netherite_boots":4,"minecraft:diamond_sword":11,"minecraft:dirt":14,"minecraft:potion":3,"minecraft:bow":2,"minecraft:netherite_leggings":1,"minecraft:oak_slab":1,"minecraft:crossbow":28,"minecraft:netherite_helmet":1,"minecraft:golden_chestplate":3,"minecraft:iron_leggings":3},"minecraft:killed_by":{"minecraft:player":12},"minecraft:picked_up":{"minecraft:diamond_sword":1,"minecraft:spruce_stairs":1,"minecraft:gunpowder":2,"minecraft:string":2,"minecraft:dirt":14,"minecraft:netherite_sword":2,"minecraft:crossbow":1,"minecraft:netherite_axe":1,"minecraft:ender_pearl":8}},"DataVersion":3117}