{"stats":{"minecraft:picked_up":{"minecraft:lingering_potion":1,"minecraft:salmon":1,"minecraft:gunpowder":2,"minecraft:bone":3,"minecraft:bow":2,"minecraft:beef":1,"minecraft:netherite_axe":1,"minecraft:glass_bottle":7,"minecraft:spectral_arrow":2,"minecraft:rotten_flesh":1,"minecraft:arrow":3,"minecraft:crossbow":1,"minecraft:ender_pearl":16},"minecraft:dropped":{"minecraft:glass_bottle":53,"minecraft:netherite_axe":1,"minecraft:crossbow":1,"minecraft:tadpole_bucket":1,"minecraft:spectral_arrow":1,"minecraft:salmon":1,"minecraft:arrow":1,"minecraft:bow":1},"minecraft:used":{"minecraft:water_bucket":4,"minecraft:trident":13,"minecraft:netherite_sword":1,"minecraft:cow_spawn_egg":2,"minecraft:stone_sword":5,"minecraft:cut_copper_slab":1,"minecraft:elytra":1,"minecraft:oak_planks":5,"minecraft:ender_pearl":13,"minecraft:axolotl_spawn_egg":122,"minecraft:ender_chest":4,"minecraft:stone":2,"minecraft:iron_sword":4,"minecraft:spruce_sign":2,"minecraft:leather_boots":3,"minecraft:torch":10,"minecraft:mooshroom_spawn_egg":1,"minecraft:sand":33,"minecraft:spyglass":4,"minecraft:anvil":6,"minecraft:crossbow":24,"minecraft:polar_bear_spawn_egg":1,"minecraft:lingering_potion":11,"minecraft:spruce_fence":27,"minecraft:axolotl_bucket":2,"minecraft:polished_blackstone_slab":2,"minecraft:lava_bucket":3,"minecraft:stripped_dark_oak_wood":2,"minecraft:firework_rocket":8,"minecraft:grass_block":28,"minecraft:netherite_axe":23,"minecraft:smooth_quartz":1,"minecraft:stone_bricks":1,"minecraft:smooth_basalt":4,"minecraft:diamond_sword":6,"minecraft:wooden_sword":17,"minecraft:bow":65,"minecraft:cobblestone":79,"minecraft:potion":64,"minecraft:hay_block":5,"minecraft:andesite":5,"minecraft:pearlescent_froglight":1,"minecraft:polished_blackstone_stairs":1},"minecraft:killed":{"minecraft:creeper":3,"minecraft:polar_bear":2,"minecraft:skeleton":3,"minecraft:zombie":2,"minecraft:cow":1},"minecraft:custom":{"minecraft:interact_with_anvil":9,"minecraft:mob_kills":11,"minecraft:leave_game":3,"minecraft:time_since_death":0,"minecraft:damage_resisted":342,"minecraft:climb_one_cm":13050,"minecraft:time_since_rest":249,"minecraft:walk_one_cm":473867,"minecraft:sprint_one_cm":470514,"minecraft:open_enderchest":2,"minecraft:damage_taken":13538,"minecraft:damage_absorbed":1356,"minecraft:drop":55,"minecraft:damage_dealt":3182,"minecraft:fly_one_cm":408672,"minecraft:player_kills":4,"minecraft:open_chest":1,"minecraft:crouch_one_cm":7268,"minecraft:play_time":141950,"minecraft:deaths":36,"minecraft:sneak_time":7885,"minecraft:walk_under_water_one_cm":4991,"minecraft:aviate_one_cm":428050,"minecraft:jump":854,"minecraft:walk_on_water_one_cm":19897,"minecraft:total_world_time":141950,"minecraft:fall_one_cm":58360},"minecraft:killed_by":{"minecraft:player":35}},"DataVersion":3117}