{"stats":{"minecraft:picked_up":{"minecraft:lingering_potion":3,"minecraft:potion":39,"minecraft:trident":1,"minecraft:gunpowder":1,"minecraft:spectral_arrow":166,"minecraft:string":2,"minecraft:arrow":5,"minecraft:bow":2,"minecraft:netherite_axe":1,"minecraft:glass_bottle":1,"minecraft:ender_pearl":48},"minecraft:used":{"minecraft:trident":43,"minecraft:netherite_sword":43,"minecraft:stone_sword":50,"minecraft:firework_rocket":9,"minecraft:glass_bottle":3,"minecraft:netherite_axe":68,"minecraft:ender_pearl":34,"minecraft:iron_sword":14,"minecraft:diamond_axe":14,"minecraft:fishing_rod":14,"minecraft:diamond_sword":93,"minecraft:wooden_sword":11,"minecraft:spyglass":32,"minecraft:potion":80,"minecraft:bow":203,"minecraft:crossbow":164,"minecraft:egg":1,"minecraft:lingering_potion":43,"minecraft:splash_potion":60},"minecraft:killed":{"minecraft:spider":2,"minecraft:creeper":2},"minecraft:killed_by":{"minecraft:endermite":1,"minecraft:player":73},"minecraft:custom":{"minecraft:time_since_rest":6796,"minecraft:sprint_one_cm":1140429,"minecraft:walk_one_cm":911265,"minecraft:damage_taken":29664,"minecraft:damage_absorbed":2718,"minecraft:mob_kills":4,"minecraft:drop":11,"minecraft:damage_dealt":12558,"minecraft:swim_one_cm":3319,"minecraft:fly_one_cm":1876489,"minecraft:player_kills":73,"minecraft:crouch_one_cm":14104,"minecraft:play_time":228155,"minecraft:deaths":79,"minecraft:sneak_time":3157,"minecraft:walk_under_water_one_cm":1221,"minecraft:boat_one_cm":6689,"minecraft:aviate_one_cm":283379,"minecraft:jump":6827,"minecraft:leave_game":5,"minecraft:walk_on_water_one_cm":22758,"minecraft:time_since_death":6771,"minecraft:climb_one_cm":7042,"minecraft:total_world_time":228155,"minecraft:damage_resisted":841,"minecraft:fall_one_cm":266640},"minecraft:dropped":{"minecraft:gunpowder":1,"minecraft:glass_bottle":1,"minecraft:potion":1,"minecraft:spectral_arrow":3,"minecraft:arrow":4,"minecraft:string":2}},"DataVersion":3117}