{"stats":{"minecraft:used":{"minecraft:golden_boots":2,"minecraft:peony":2,"minecraft:wheat_seeds":1,"minecraft:trident":155,"minecraft:netherite_sword":40,"minecraft:stone_sword":27,"minecraft:flint_and_steel":36,"minecraft:red_concrete":37,"minecraft:glass_bottle":16,"minecraft:netherite_chestplate":2,"minecraft:dark_oak_sign":2,"minecraft:oak_planks":183,"minecraft:ender_pearl":64,"minecraft:shield":38,"minecraft:stone":11,"minecraft:iron_sword":10,"minecraft:white_dye":1,"minecraft:glow_ink_sac":1,"minecraft:diamond_axe":8,"minecraft:red_glazed_terracotta":15,"minecraft:leather_boots":1,"minecraft:dirt":1,"minecraft:spyglass":18,"minecraft:anvil":2,"minecraft:netherite_leggings":2,"minecraft:dark_prismarine_slab":50,"minecraft:spruce_stairs":33,"minecraft:camel_spawn_egg":1,"minecraft:netherite_helmet":2,"minecraft:yellow_concrete":50,"minecraft:crossbow":407,"minecraft:lingering_potion":161,"minecraft:chiseled_quartz_block":103,"minecraft:ochre_froglight":4,"minecraft:gray_concrete":61,"minecraft:allay_spawn_egg":1,"minecraft:light_blue_stained_glass":10,"minecraft:stripped_spruce_log":63,"minecraft:wooden_axe":4,"minecraft:dark_prismarine":74,"minecraft:firework_rocket":8,"minecraft:command_block":3,"minecraft:grass_block":1,"minecraft:netherite_axe":142,"minecraft:iron_helmet":1,"minecraft:netherite_hoe":1,"minecraft:spruce_trapdoor":74,"minecraft:golden_helmet":3,"minecraft:fishing_rod":18,"minecraft:netherite_boots":2,"minecraft:red_carpet":32,"minecraft:birch_button":1,"minecraft:repeater":1,"minecraft:diamond_sword":230,"minecraft:wooden_sword":5,"minecraft:potion":332,"minecraft:bow":531,"minecraft:jungle_button":1,"minecraft:stripped_oak_wood":62,"minecraft:dark_prismarine_stairs":40,"minecraft:splash_potion":104},"minecraft:custom":{"minecraft:mob_kills":2,"minecraft:interact_with_anvil":2,"minecraft:open_barrel":1,"minecraft:leave_game":16,"minecraft:time_since_death":1402,"minecraft:climb_one_cm":26357,"minecraft:damage_resisted":68147,"minecraft:time_since_rest":1431,"minecraft:damage_absorbed":14386,"minecraft:sprint_one_cm":2979136,"minecraft:open_enderchest":1,"minecraft:damage_taken":80233,"minecraft:walk_one_cm":961219,"minecraft:damage_blocked_by_shield":3488,"minecraft:drop":180,"minecraft:damage_dealt":27893,"minecraft:damage_dealt_absorbed":2755,"minecraft:swim_one_cm":53988,"minecraft:fly_one_cm":3982731,"minecraft:player_kills":141,"minecraft:open_chest":1,"minecraft:crouch_one_cm":21003,"minecraft:play_time":551990,"minecraft:deaths":171,"minecraft:sneak_time":9815,"minecraft:walk_under_water_one_cm":27457,"minecraft:aviate_one_cm":687644,"minecraft:jump":11417,"minecraft:walk_on_water_one_cm":93285,"minecraft:total_world_time":551990,"minecraft:fall_one_cm":955559,"minecraft:horse_one_cm":369364},"minecraft:dropped":{"minecraft:cooked_chicken":20,"minecraft:glass_bottle":2,"minecraft:netherite_sword":2,"minecraft:netherite_chestplate":25,"minecraft:netherite_helmet":24,"minecraft:netherite_axe":10,"minecraft:netherite_leggings":19,"minecraft:tipped_arrow":4,"minecraft:trident":21,"minecraft:lingering_potion":5,"minecraft:netherite_boots":26,"minecraft:chainmail_boots":1,"minecraft:potion":25,"minecraft:pufferfish_bucket":1,"minecraft:arrow":1,"minecraft:fishing_rod":8,"minecraft:firework_rocket":320},"minecraft:mined":{"minecraft:peony":2},"minecraft:killed":{"minecraft:horse":2},"minecraft:killed_by":{"minecraft:player":155},"minecraft:picked_up":{"minecraft:lingering_potion":41,"minecraft:fishing_rod":3,"minecraft:netherite_boots":25,"minecraft:iron_chestplate":1,"minecraft:leather_chestplate":2,"minecraft:anvil":1,"minecraft:leather_leggings":2,"minecraft:leather":2,"minecraft:potion":103,"minecraft:birch_button":1,"minecraft:jungle_button":1,"minecraft:netherite_leggings":16,"minecraft:bow":1,"minecraft:netherite_sword":4,"minecraft:pufferfish_bucket":1,"minecraft:cooked_chicken":20,"minecraft:netherite_axe":8,"minecraft:diamond_helmet":1,"minecraft:glass_bottle":12,"minecraft:birch_sapling":5,"minecraft:tipped_arrow":951,"minecraft:stick":7,"minecraft:glow_item_frame":1,"minecraft:trident":18,"minecraft:leather_helmet":2,"minecraft:firework_rocket":64,"minecraft:arrow":2,"minecraft:netherite_helmet":21,"minecraft:peony":2,"minecraft:crossbow":2,"minecraft:saddle":4,"minecraft:netherite_chestplate":23,"minecraft:oak_sapling":10,"minecraft:ender_pearl":112}},"DataVersion":3463}