{"stats":{"minecraft:custom":{"minecraft:interact_with_crafting_table":3,"minecraft:open_barrel":7,"minecraft:bell_ring":36,"minecraft:leave_game":104,"minecraft:time_since_death":64398,"minecraft:damage_blocked_by_shield":8095,"minecraft:play_time":4787200,"minecraft:deaths":642,"minecraft:jump":48007,"minecraft:play_record":2,"minecraft:damage_dealt":148683,"minecraft:inspect_dispenser":180,"minecraft:horse_one_cm":937770,"minecraft:interact_with_smithing_table":1,"minecraft:inspect_dropper":1,"minecraft:interact_with_anvil":5,"minecraft:inspect_hopper":7,"minecraft:damage_dealt_absorbed":9788,"minecraft:sneak_time":122020,"minecraft:interact_with_lectern":5,"minecraft:interact_with_blast_furnace":5,"minecraft:total_world_time":4787200,"minecraft:tune_noteblock":59,"minecraft:time_since_rest":64424,"minecraft:swim_one_cm":80199,"minecraft:fly_one_cm":41160268,"minecraft:open_chest":8,"minecraft:fish_caught":4,"minecraft:fall_one_cm":2830999,"minecraft:open_shulker_box":6,"minecraft:damage_resisted":14373,"minecraft:sprint_one_cm":17153264,"minecraft:drop":1922,"minecraft:talked_to_villager":3,"minecraft:walk_on_water_one_cm":443826,"minecraft:interact_with_loom":11,"minecraft:player_kills":1085,"minecraft:crouch_one_cm":186081,"minecraft:mob_kills":317,"minecraft:fill_cauldron":3,"minecraft:interact_with_campfire":1,"minecraft:climb_one_cm":116507,"minecraft:walk_one_cm":9143829,"minecraft:walk_under_water_one_cm":277558,"minecraft:boat_one_cm":17044,"minecraft:pot_flower":19,"minecraft:damage_taken":340523,"minecraft:damage_absorbed":48180,"minecraft:minecart_one_cm":4499,"minecraft:aviate_one_cm":2387517},"minecraft:used":{"minecraft:peony":43,"minecraft:moss_block":548,"minecraft:orange_dye":7,"minecraft:writable_book":4,"minecraft:chiseled_deepslate":67,"minecraft:smooth_quartz_slab":226,"minecraft:spruce_slab":590,"minecraft:dispenser":111,"minecraft:ladder":47,"minecraft:poppy":1,"minecraft:black_carpet":64,"minecraft:chest":13,"minecraft:stone":1754,"minecraft:brown_concrete":123,"minecraft:white_shulker_box":13,"minecraft:quartz_stairs":39,"minecraft:soul_sand":11,"minecraft:skeleton_spawn_egg":121,"minecraft:blue_stained_glass":436,"minecraft:brick_slab":19,"minecraft:deepslate_brick_slab":75,"minecraft:yellow_candle":24,"minecraft:stripped_spruce_log":478,"minecraft:jungle_sapling":33,"minecraft:polished_blackstone_slab":1185,"minecraft:frog_spawn_egg":7,"minecraft:packed_ice":10,"minecraft:honey_block":26,"minecraft:honeycomb":11,"minecraft:lava_bucket":18,"minecraft:netherite_shovel":1245,"minecraft:stripped_dark_oak_wood":785,"minecraft:quartz_pillar":20,"minecraft:lime_banner":2,"minecraft:mangrove_stairs":9,"minecraft:red_wool":95,"minecraft:black_stained_glass_pane":129,"minecraft:grass_block":3168,"minecraft:polished_andesite_stairs":67,"minecraft:quartz_block":17,"minecraft:dark_oak_slab":269,"minecraft:diorite_wall":9,"minecraft:stone_brick_stairs":88,"minecraft:bow":7648,"minecraft:yellow_glazed_terracotta":11,"minecraft:mangrove_slab":136,"minecraft:egg":2,"minecraft:lime_glazed_terracotta":5,"minecraft:deepslate_brick_wall":73,"minecraft:light_blue_carpet":4,"minecraft:mossy_stone_bricks":112,"minecraft:diorite":84,"minecraft:brick_wall":10,"minecraft:infested_stone":85,"minecraft:acacia_trapdoor":14,"minecraft:blackstone":272,"minecraft:composter":4,"minecraft:clay":2,"minecraft:smooth_quartz_stairs":279,"minecraft:oak_leaves":434,"minecraft:stripped_mangrove_wood":66,"minecraft:glow_berries":103,"minecraft:dark_oak_trapdoor":140,"minecraft:sand":6453,"minecraft:cut_sandstone_slab":94,"minecraft:blast_furnace":106,"minecraft:cyan_dye":12,"minecraft:chiseled_quartz_block":194,"minecraft:gray_concrete":3872,"minecraft:red_sandstone_wall":3,"minecraft:deepslate_brick_stairs":46,"minecraft:lightning_rod":14,"minecraft:birch_fence":10,"minecraft:deepslate_tiles":771,"minecraft:mangrove_door":2,"minecraft:gray_stained_glass_pane":41,"minecraft:birch_slab":21,"minecraft:stone_button":17,"minecraft:verdant_froglight":25,"minecraft:lectern":3,"minecraft:red_terracotta":20,"minecraft:polished_granite":78,"minecraft:oak_pressure_plate":5,"minecraft:flowering_azalea_leaves":21,"minecraft:lilac":21,"minecraft:polished_andesite_slab":34,"minecraft:magenta_stained_glass_pane":21,"minecraft:diamond_sword":1379,"minecraft:coal_block":3,"minecraft:wooden_sword":352,"minecraft:smithing_table":24,"minecraft:dark_oak_fence":99,"minecraft:white_stained_glass":11,"minecraft:waxed_cut_copper_stairs":100,"minecraft:gray_stained_glass":72,"minecraft:oak_trapdoor":7,"minecraft:polished_blackstone_brick_slab":19,"minecraft:iron_bars":516,"minecraft:stone_sword":258,"minecraft:orange_concrete":204,"minecraft:dead_bush":19,"minecraft:red_concrete":93,"minecraft:tinted_glass":366,"minecraft:wither_skeleton_spawn_egg":17,"minecraft:mangrove_fence":6,"minecraft:sandstone_wall":111,"minecraft:structure_block":48,"minecraft:torch":223,"minecraft:light_gray_shulker_box":1,"minecraft:brewing_stand":3,"minecraft:anvil":285,"minecraft:light_blue_dye":1,"minecraft:stone_stairs":140,"minecraft:nether_brick_slab":3,"minecraft:yellow_carpet":17,"minecraft:jungle_trapdoor":1,"minecraft:polished_granite_slab":5,"minecraft:blue_concrete":949,"minecraft:mud_brick_stairs":20,"minecraft:nether_brick_stairs":29,"minecraft:oak_fence_gate":1,"minecraft:fern":21,"minecraft:small_dripleaf":5,"minecraft:flowering_azalea":9,"minecraft:gray_dye":12,"minecraft:muddy_mangrove_roots":169,"minecraft:iron_block":30,"minecraft:light_weighted_pressure_plate":10,"minecraft:slime_block":24,"minecraft:rooted_dirt":125,"minecraft:brick_stairs":3,"minecraft:polished_deepslate_wall":298,"minecraft:jungle_log":1,"minecraft:smooth_quartz":425,"minecraft:mud_bricks":671,"minecraft:barrel":65,"minecraft:smooth_basalt":550,"minecraft:diamond_chestplate":1,"minecraft:tadpole_bucket":11,"minecraft:tripwire_hook":1,"minecraft:basalt":9,"minecraft:purple_concrete":14,"minecraft:lime_concrete":10,"minecraft:magenta_wool":9,"minecraft:tall_grass":46,"minecraft:iron_trapdoor":148,"minecraft:cobbled_deepslate":69,"minecraft:observer":44,"minecraft:orange_terracotta":310,"minecraft:magenta_dye":4,"minecraft:calcite":67,"minecraft:yellow_banner":3,"minecraft:water_bucket":253,"minecraft:mangrove_wood":227,"minecraft:sandstone_stairs":2,"minecraft:birch_planks":153,"minecraft:bundle":19,"minecraft:lime_wool":5,"minecraft:cartography_table":6,"minecraft:smooth_sandstone_slab":735,"minecraft:cauldron":6,"minecraft:glow_ink_sac":125,"minecraft:spruce_fence_gate":1,"minecraft:deepslate_bricks":1183,"minecraft:polished_blackstone_bricks":373,"minecraft:cracked_stone_bricks":10,"minecraft:pink_concrete":626,"minecraft:rail":33,"minecraft:polished_deepslate_slab":106,"minecraft:mossy_cobblestone":124,"minecraft:diamond_block":3,"minecraft:brown_dye":1,"minecraft:lime_terracotta":332,"minecraft:comparator":3,"minecraft:vine":9,"minecraft:green_dye":28,"minecraft:oak_slab":26,"minecraft:tnt":2,"minecraft:crafting_table":25,"minecraft:crimson_trapdoor":15,"minecraft:birch_sign":83,"minecraft:sculk_shrieker":8,"minecraft:campfire":142,"minecraft:dark_oak_fence_gate":22,"minecraft:mangrove_sign":35,"minecraft:cake":8,"minecraft:spruce_log":287,"minecraft:deepslate_tile_wall":298,"minecraft:oak_log":239,"minecraft:mud":442,"minecraft:yellow_dye":17,"minecraft:light":68,"minecraft:warped_trapdoor":2,"minecraft:diamond_shovel":45,"minecraft:mangrove_pressure_plate":4,"minecraft:tnt_minecart":36,"minecraft:cyan_concrete":1,"minecraft:spruce_trapdoor":531,"minecraft:crimson_sign":7,"minecraft:blue_carpet":1,"minecraft:green_carpet":2,"minecraft:chiseled_stone_bricks":3,"minecraft:cobblestone":18,"minecraft:potion":1615,"minecraft:azalea_leaves":47,"minecraft:orange_banner":1,"minecraft:crimson_stairs":2,"minecraft:andesite_stairs":2,"minecraft:sandstone_slab":58,"minecraft:glass_pane":109,"minecraft:stripped_oak_log":16,"minecraft:kelp":2,"minecraft:candle":14,"minecraft:brown_mushroom_block":2,"minecraft:jukebox":1,"minecraft:light_blue_banner":2,"minecraft:moss_carpet":188,"minecraft:red_sand":423,"minecraft:polished_deepslate":397,"minecraft:light_gray_stained_glass_pane":28,"minecraft:melon":2,"minecraft:tadpole_spawn_egg":16,"minecraft:oak_sign":151,"minecraft:mangrove_button":6,"minecraft:polished_basalt":49,"minecraft:shield":130,"minecraft:white_terracotta":101,"minecraft:iron_sword":306,"minecraft:zombie_spawn_egg":228,"minecraft:grass":81,"minecraft:bell":17,"minecraft:smooth_sandstone_stairs":3,"minecraft:player_head":58,"minecraft:green_terracotta":43,"minecraft:sculk_sensor":7,"minecraft:spruce_leaves":27,"minecraft:debug_stick":285,"minecraft:birch_pressure_plate":2,"minecraft:deepslate_tile_slab":43,"minecraft:tuff":413,"minecraft:milk_bucket":1,"minecraft:obsidian":2,"minecraft:big_dripleaf":6,"minecraft:polished_deepslate_stairs":50,"minecraft:red_sandstone_stairs":129,"minecraft:glass":16,"minecraft:crimson_button":1,"minecraft:cyan_terracotta":487,"minecraft:bricks":1123,"minecraft:quartz_slab":123,"minecraft:spruce_wood":14,"minecraft:lantern":44,"minecraft:packed_mud":531,"minecraft:iron_helmet":1,"minecraft:light_blue_bed":6,"minecraft:gray_concrete_powder":13,"minecraft:stone_bricks":4597,"minecraft:item_frame":32,"minecraft:slime_spawn_egg":1,"minecraft:bedrock":11,"minecraft:birch_button":3,"minecraft:birch_trapdoor":49,"minecraft:reinforced_deepslate":7,"minecraft:red_carpet":237,"minecraft:repeater":35,"minecraft:redstone_lamp":4,"minecraft:red_nether_brick_wall":1,"minecraft:magma_block":55,"minecraft:mangrove_roots":7,"minecraft:scaffolding":2,"minecraft:jungle_button":2,"minecraft:gold_block":12,"minecraft:pearlescent_froglight":285,"minecraft:polished_blackstone_stairs":247,"minecraft:large_fern":32,"minecraft:stripped_spruce_wood":54,"minecraft:mangrove_leaves":547,"minecraft:dark_oak_stairs":416,"minecraft:end_rod":61,"minecraft:dropper":7,"minecraft:dark_oak_sign":121,"minecraft:birch_leaves":42,"minecraft:gray_carpet":16,"minecraft:stone_pickaxe":23,"minecraft:mangrove_planks":118,"minecraft:oak_planks":205,"minecraft:polished_diorite_slab":469,"minecraft:ender_pearl":236,"minecraft:sandstone":195,"minecraft:redstone_block":3,"minecraft:diamond_axe":82,"minecraft:white_wool":28,"minecraft:yellow_terracotta":194,"minecraft:light_blue_concrete":5,"minecraft:loom":72,"minecraft:light_gray_terracotta":117,"minecraft:yellow_concrete":826,"minecraft:crossbow":3254,"minecraft:sponge":557,"minecraft:dripstone_block":151,"minecraft:ochre_froglight":64,"minecraft:note_block":30,"minecraft:stone_brick_wall":583,"minecraft:lingering_potion":482,"minecraft:shears":57,"minecraft:cobbled_deepslate_stairs":7,"minecraft:redstone_torch":12,"minecraft:black_terracotta":414,"minecraft:sticky_piston":23,"minecraft:lever":11,"minecraft:green_concrete":984,"minecraft:black_concrete":738,"minecraft:firework_rocket":177,"minecraft:birch_fence_gate":14,"minecraft:dark_oak_log":214,"minecraft:lime_carpet":4,"minecraft:light_gray_concrete":75,"minecraft:heavy_weighted_pressure_plate":5,"minecraft:barrier":1696,"minecraft:string":56,"minecraft:brown_wool":180,"minecraft:brown_stained_glass":18,"minecraft:iron_door":27,"minecraft:deepslate":914,"minecraft:gravel":103,"minecraft:golden_helmet":1,"minecraft:blackstone_slab":3,"minecraft:jungle_sign":1,"minecraft:smooth_red_sandstone_slab":286,"minecraft:stripped_oak_wood":150,"minecraft:andesite":656,"minecraft:chain":170,"minecraft:smooth_stone_slab":671,"minecraft:white_concrete":113,"minecraft:air":1,"minecraft:coarse_dirt":1,"minecraft:bone_meal":252,"minecraft:azalea":14,"minecraft:oak_fence":2,"minecraft:trident":324,"minecraft:netherite_sword":310,"minecraft:jungle_leaves":248,"minecraft:rose_bush":53,"minecraft:music_disc_otherside":2,"minecraft:crimson_fence":2,"minecraft:flint_and_steel":119,"minecraft:white_tulip":4,"minecraft:redstone":53,"minecraft:spruce_planks":1956,"minecraft:stripped_birch_wood":71,"minecraft:cooked_chicken":7,"minecraft:dried_kelp_block":198,"minecraft:dirt":134,"minecraft:spyglass":1053,"minecraft:white_carpet":76,"minecraft:hopper":153,"minecraft:spruce_stairs":183,"minecraft:oak_wood":129,"minecraft:pink_dye":2,"minecraft:allay_spawn_egg":1,"minecraft:granite":649,"minecraft:spruce_fence":154,"minecraft:birch_door":11,"minecraft:purple_stained_glass_pane":12,"minecraft:dark_oak_planks":2520,"minecraft:stone_brick_slab":46,"minecraft:brown_terracotta":357,"minecraft:wooden_axe":38,"minecraft:light_gray_stained_glass":53,"minecraft:bookshelf":9,"minecraft:waxed_cut_copper":169,"minecraft:oak_stairs":5,"minecraft:acacia_slab":5,"minecraft:smooth_sandstone":41,"minecraft:crimson_slab":13,"minecraft:red_candle":14,"minecraft:polished_blackstone_brick_stairs":373,"minecraft:light_gray_wool":37,"minecraft:waxed_cut_copper_slab":7,"minecraft:black_stained_glass":149,"minecraft:emerald_block":14,"minecraft:black_dye":1,"minecraft:deepslate_tile_stairs":68,"minecraft:white_stained_glass_pane":66,"minecraft:minecart":1,"minecraft:granite_wall":4,"minecraft:red_dye":14,"minecraft:powder_snow_bucket":20,"minecraft:brown_bed":2,"minecraft:cobbled_deepslate_wall":194,"minecraft:turtle_spawn_egg":41,"minecraft:quartz_bricks":7,"minecraft:cobblestone_stairs":1,"minecraft:pink_tulip":11,"minecraft:glass_bottle":23,"minecraft:polished_andesite":1313,"minecraft:mud_brick_slab":1,"minecraft:andesite_slab":17,"minecraft:purple_glazed_terracotta":10,"minecraft:cut_sandstone":341,"minecraft:spruce_sign":76,"minecraft:white_dye":44,"minecraft:red_glazed_terracotta":62,"minecraft:waxed_copper_block":139,"minecraft:glow_item_frame":23,"minecraft:polished_blackstone_pressure_plate":4,"minecraft:stripped_dark_oak_log":122,"minecraft:mangrove_trapdoor":32,"minecraft:terracotta":466,"minecraft:dark_prismarine_slab":2,"minecraft:magenta_bed":5,"minecraft:light_gray_concrete_powder":22,"minecraft:polar_bear_spawn_egg":1,"minecraft:painting":2,"minecraft:magenta_carpet":4,"minecraft:smoker":9,"minecraft:dark_oak_door":8,"minecraft:cyan_stained_glass":5,"minecraft:gray_terracotta":520,"minecraft:piston":5,"minecraft:netherite_block":792,"minecraft:flower_pot":19,"minecraft:activator_rail":4,"minecraft:command_block":62,"minecraft:map":7,"minecraft:netherite_axe":675,"minecraft:stone_slab":182,"minecraft:purple_dye":12,"minecraft:magenta_banner":3,"minecraft:fishing_rod":1736,"minecraft:cobbled_deepslate_slab":6,"minecraft:mud_brick_wall":20,"minecraft:white_banner":46,"minecraft:bucket":7,"minecraft:wither_rose":7,"minecraft:polished_blackstone_button":3,"minecraft:purple_carpet":28,"minecraft:gray_wool":250,"minecraft:smooth_stone":3196,"minecraft:splash_potion":2707,"minecraft:birch_stairs":15},"minecraft:killed_by":{"minecraft:warden":4,"minecraft:wither":5,"minecraft:polar_bear":1,"minecraft:endermite":1,"minecraft:player":590,"minecraft:skeleton":5},"minecraft:broken":{"minecraft:fishing_rod":12,"minecraft:crossbow":1,"minecraft:leather_helmet":1,"minecraft:shield":1,"minecraft:leather_leggings":1,"minecraft:leather_chestplate":1},"minecraft:picked_up":{"minecraft:slime_spawn_egg":9,"minecraft:seagrass":13,"minecraft:iron_chestplate":8,"minecraft:chainmail_boots":1,"minecraft:diamond_sword":2,"minecraft:light":1,"minecraft:string":2,"minecraft:soul_soil":9,"minecraft:pufferfish":1,"minecraft:crimson_sign":3,"minecraft:golden_helmet":1,"minecraft:green_terracotta":9,"minecraft:rabbit_foot":9,"minecraft:zombie_spawn_egg":4,"minecraft:stone_sword":1,"minecraft:end_rod":2,"minecraft:tadpole_bucket":1,"minecraft:netherite_chestplate":3,"minecraft:birch_log":10,"minecraft:magma_block":9,"minecraft:feather":1,"minecraft:iron_door":1,"minecraft:brown_wool":9,"minecraft:green_concrete_powder":9,"minecraft:mangrove_slab":1,"minecraft:brown_candle":9,"minecraft:hanging_roots":9,"minecraft:dark_oak_sign":26,"minecraft:diamond_helmet":3,"minecraft:moss_block":9,"minecraft:glow_lichen":9,"minecraft:brown_mushroom_block":9,"minecraft:polished_andesite":1,"minecraft:dispenser":31,"minecraft:green_concrete":9,"minecraft:lever":3,"minecraft:rooted_dirt":9,"minecraft:mangrove_button":1,"minecraft:mud":9,"minecraft:coarse_dirt":9,"minecraft:leather_leggings":4,"minecraft:elytra":1,"minecraft:white_carpet":2,"minecraft:glass_pane":1,"minecraft:music_disc_otherside":2,"minecraft:jungle_sapling":5,"minecraft:poppy":2,"minecraft:birch_sapling":28,"minecraft:egg":18,"minecraft:sandstone":14,"minecraft:oak_door":2,"minecraft:fire_charge":9,"minecraft:mangrove_sign":3,"minecraft:redstone":1,"minecraft:diamond_chestplate":5,"minecraft:peony":2,"minecraft:beetroot_seeds":9,"minecraft:white_shulker_box":1,"minecraft:glow_berries":1,"minecraft:filled_map":1,"minecraft:packed_mud":9,"minecraft:brown_concrete":9,"minecraft:oak_log":4,"minecraft:lily_pad":15,"minecraft:jungle_button":6,"minecraft:golden_boots":1,"minecraft:paper":2,"minecraft:white_banner":6,"minecraft:kelp":9,"minecraft:apple":5,"minecraft:stone_bricks":1,"minecraft:stone_pickaxe":1,"minecraft:tall_grass":9,"minecraft:glass_bottle":128,"minecraft:green_glazed_terracotta":9,"minecraft:spyglass":1,"minecraft:leather_helmet":2,"minecraft:slime_ball":9,"minecraft:painting":1,"minecraft:scute":9,"minecraft:birch_sign":3,"minecraft:melon_seeds":9,"minecraft:ender_pearl":64,"minecraft:black_carpet":10,"minecraft:potion":255,"minecraft:iron_leggings":1,"minecraft:oak_sign":4,"minecraft:sea_pickle":9,"minecraft:redstone_torch":1,"minecraft:azalea":3,"minecraft:tipped_arrow":21,"minecraft:stick":79,"minecraft:birch_trapdoor":1,"minecraft:torch":4,"minecraft:crimson_button":1,"minecraft:dried_kelp":9,"minecraft:pointed_dripstone":9,"minecraft:cactus":9,"minecraft:rotten_flesh":162,"minecraft:mangrove_roots":9,"minecraft:green_wool":9,"minecraft:cod":14,"minecraft:blaze_powder":9,"minecraft:cobblestone":3,"minecraft:muddy_mangrove_roots":9,"minecraft:lilac":4,"minecraft:andesite":1,"minecraft:potato":1,"minecraft:dirt":161,"minecraft:leather_boots":1,"minecraft:bone":105,"minecraft:bow":14,"minecraft:wheat_seeds":35,"minecraft:green_candle":9,"minecraft:bell":11,"minecraft:netherite_axe":3,"minecraft:bamboo":11,"minecraft:poisonous_potato":9,"minecraft:sand":49,"minecraft:melon":9,"minecraft:dead_bush":9,"minecraft:grass_block":9,"minecraft:spectral_arrow":81,"minecraft:skeleton_spawn_egg":3,"minecraft:crossbow":2,"minecraft:spruce_sign":1,"minecraft:oak_sapling":91,"minecraft:nether_star":1,"minecraft:lingering_potion":18,"minecraft:cocoa_beans":9,"minecraft:chicken":1,"minecraft:ladder":3,"minecraft:moss_carpet":9,"minecraft:oak_boat":1,"minecraft:sugar_cane":16,"minecraft:lime_wool":9,"minecraft:stone_button":3,"minecraft:brown_concrete_powder":9,"minecraft:trident":8,"minecraft:brown_dye":9,"minecraft:arrow":121,"minecraft:saddle":96,"minecraft:netherite_boots":2,"minecraft:salmon":4,"minecraft:leather":94,"minecraft:gunpowder":6,"minecraft:zombie_horse_spawn_egg":9,"minecraft:podzol":9,"minecraft:red_carpet":1,"minecraft:iron_ingot":4,"minecraft:cooked_chicken":91,"minecraft:frogspawn":9,"minecraft:soul_sand":9,"minecraft:green_dye":9,"minecraft:sculk_catalyst":2,"minecraft:spider_eye":1,"minecraft:lime_dye":9,"minecraft:pumpkin_seeds":9,"minecraft:dried_kelp_block":9,"minecraft:iron_helmet":5,"minecraft:coal":2},"minecraft:killed":{"minecraft:skeleton":68,"minecraft:chicken":3,"minecraft:iron_golem":1,"minecraft:pillager":4,"minecraft:zombie":52,"minecraft:endermite":13,"minecraft:horse":46,"minecraft:warden":5,"minecraft:husk":1,"minecraft:sniffer":3,"minecraft:wandering_trader":1,"minecraft:frog":72,"minecraft:ravager":2,"minecraft:polar_bear":1,"minecraft:spider":2,"minecraft:wither":1,"minecraft:turtle":2,"minecraft:camel":1,"minecraft:wolf":1,"minecraft:pig":1,"minecraft:creeper":8,"minecraft:allay":3,"minecraft:slime":1,"minecraft:wither_skeleton":6},"minecraft:dropped":{"minecraft:glass_bottle":209,"minecraft:cooked_porkchop":64,"minecraft:crossbow":1,"minecraft:rooted_dirt":19,"minecraft:saddle":20,"minecraft:leather_helmet":1,"minecraft:item_frame":2,"minecraft:dirt":19,"minecraft:packed_mud":19,"minecraft:melon":19,"minecraft:wooden_sword":2,"minecraft:mangrove_slab":1,"minecraft:bone":2,"minecraft:green_candle":19,"minecraft:green_wool":19,"minecraft:sugar_cane":19,"minecraft:cooked_chicken":351,"minecraft:rotten_flesh":26,"minecraft:lime_dye":19,"minecraft:blaze_powder":19,"minecraft:rabbit_foot":19,"minecraft:tipped_arrow":207,"minecraft:leather_boots":1,"minecraft:brown_candle":19,"minecraft:podzol":19,"minecraft:brown_concrete":19,"minecraft:egg":20,"minecraft:wheat_seeds":19,"minecraft:netherite_chestplate":1,"minecraft:polished_andesite":1,"minecraft:dried_kelp_block":19,"minecraft:brown_concrete_powder":19,"minecraft:potion":37,"minecraft:dead_bush":19,"minecraft:dried_kelp":19,"minecraft:green_glazed_terracotta":19,"minecraft:white_banner":1,"minecraft:mud":19,"minecraft:smooth_stone":1,"minecraft:paper":1,"minecraft:lily_pad":19,"minecraft:hanging_roots":19,"minecraft:moss_carpet":19,"minecraft:zombie_spawn_egg":3,"minecraft:soul_soil":19,"minecraft:green_terracotta":19,"minecraft:cocoa_beans":19,"minecraft:glow_lichen":19,"minecraft:debug_stick":1,"minecraft:pumpkin_seeds":19,"minecraft:lightning_rod":1,"minecraft:diamond_sword":3,"minecraft:sea_pickle":19,"minecraft:peony":1,"minecraft:stone_bricks":1,"minecraft:bamboo":19,"minecraft:bow":4,"minecraft:green_concrete_powder":19,"minecraft:magma_block":19,"minecraft:soul_sand":19,"minecraft:moss_block":19,"minecraft:lime_terracotta":1,"minecraft:scute":19,"minecraft:leather":6,"minecraft:cod":19,"minecraft:dispenser":19,"minecraft:seagrass":23,"minecraft:brown_mushroom_block":19,"minecraft:spyglass":3,"minecraft:mangrove_roots":19,"minecraft:lime_wool":19,"minecraft:pointed_dripstone":19,"minecraft:trident":3,"minecraft:birch_trapdoor":1,"minecraft:beetroot_seeds":19,"minecraft:melon_seeds":19,"minecraft:lingering_potion":6,"minecraft:chainmail_boots":1,"minecraft:arrow":25,"minecraft:splash_potion":1,"minecraft:poisonous_potato":19,"minecraft:netherite_axe":1,"minecraft:mangrove_propagule":1,"minecraft:spectral_arrow":97,"minecraft:frogspawn":19,"minecraft:grass_block":19,"minecraft:green_dye":19,"minecraft:brown_wool":19,"minecraft:fire_charge":19,"minecraft:zombie_horse_spawn_egg":19,"minecraft:slime_spawn_egg":19,"minecraft:cactus":19,"minecraft:kelp":19,"minecraft:brown_dye":19,"minecraft:coarse_dirt":19,"minecraft:tall_grass":19,"minecraft:green_concrete":19,"minecraft:light":1,"minecraft:muddy_mangrove_roots":19,"minecraft:diamond_chestplate":1,"minecraft:iron_chestplate":2,"minecraft:oak_boat":1,"minecraft:slime_ball":19,"minecraft:stone_pickaxe":3},"minecraft:mined":{"minecraft:fire":9,"minecraft:lilac":3,"minecraft:azalea":2,"minecraft:dispenser":22,"minecraft:peony":1}},"DataVersion":3463}