{"stats":{"minecraft:dropped":{"minecraft:glass_bottle":6},"minecraft:custom":{"minecraft:open_barrel":1,"minecraft:time_since_rest":69,"minecraft:crouch_one_cm":276,"minecraft:sneak_time":282,"minecraft:walk_one_cm":39170,"minecraft:play_time":21285,"minecraft:sprint_one_cm":96882,"minecraft:damage_taken":3591,"minecraft:damage_absorbed":966,"minecraft:deaths":9,"minecraft:drop":6,"minecraft:jump":493,"minecraft:leave_game":1,"minecraft:damage_dealt":818,"minecraft:time_since_death":0,"minecraft:walk_on_water_one_cm":3577,"minecraft:climb_one_cm":260,"minecraft:total_world_time":21285,"minecraft:fall_one_cm":94104,"minecraft:fly_one_cm":181876},"minecraft:used":{"minecraft:netherite_sword":7,"minecraft:diamond_sword":4,"minecraft:spyglass":1,"minecraft:bow":5,"minecraft:potion":16,"minecraft:netherite_axe":4,"minecraft:crossbow":4,"minecraft:ender_pearl":5,"minecraft:iron_sword":1,"minecraft:lingering_potion":6,"minecraft:splash_potion":5,"minecraft:diamond_axe":1,"minecraft:trident":9},"minecraft:killed_by":{"minecraft:player":9},"minecraft:picked_up":{"minecraft:lingering_potion":1,"minecraft:wooden_sword":2,"minecraft:iron_chestplate":1,"minecraft:repeater":1,"minecraft:command_block":1,"minecraft:spyglass":1,"minecraft:chainmail_leggings":1,"minecraft:potion":51,"minecraft:golden_boots":1,"minecraft:leather_helmet":1,"minecraft:ender_pearl":16}},"DataVersion":3117}