{"stats":{"minecraft:mined":{"minecraft:red_carpet":1},"minecraft:dropped":{"minecraft:glass_bottle":5,"minecraft:netherite_axe":1,"minecraft:potion":5,"minecraft:spectral_arrow":1},"minecraft:custom":{"minecraft:time_since_rest":4688,"minecraft:open_enderchest":1,"minecraft:damage_taken":4325,"minecraft:sprint_one_cm":101520,"minecraft:walk_one_cm":248116,"minecraft:damage_absorbed":370,"minecraft:mob_kills":2,"minecraft:drop":12,"minecraft:damage_dealt":2817,"minecraft:fly_one_cm":148289,"minecraft:player_kills":11,"minecraft:crouch_one_cm":3080,"minecraft:play_time":38763,"minecraft:deaths":11,"minecraft:sneak_time":1197,"minecraft:walk_under_water_one_cm":725,"minecraft:aviate_one_cm":158778,"minecraft:jump":351,"minecraft:leave_game":1,"minecraft:time_since_death":4656,"minecraft:walk_on_water_one_cm":5448,"minecraft:climb_one_cm":1076,"minecraft:total_world_time":38763,"minecraft:damage_resisted":192,"minecraft:fall_one_cm":40290},"minecraft:killed":{"minecraft:endermite":1,"minecraft:turtle":1},"minecraft:used":{"minecraft:netherite_sword":9,"minecraft:trident":8,"minecraft:netherite_axe":9,"minecraft:ender_pearl":11,"minecraft:oak_leaves":1,"minecraft:fishing_rod":1,"minecraft:diamond_sword":30,"minecraft:red_carpet":1,"minecraft:spyglass":4,"minecraft:bow":37,"minecraft:potion":28,"minecraft:crossbow":49,"minecraft:lingering_potion":12,"minecraft:splash_potion":1},"minecraft:killed_by":{"minecraft:player":7},"minecraft:picked_up":{"minecraft:lingering_potion":1,"minecraft:golden_helmet":1,"minecraft:netherite_boots":1,"minecraft:iron_chestplate":1,"minecraft:filled_map":1,"minecraft:potion":48,"minecraft:netherite_leggings":1,"minecraft:spectral_arrow":1,"minecraft:elytra":1,"minecraft:wooden_sword":1,"minecraft:red_carpet":1,"minecraft:bow":1,"minecraft:netherite_axe":1,"minecraft:glass_bottle":4,"minecraft:ender_pearl":16}},"DataVersion":3117}