{"stats":{"minecraft:used":{"minecraft:iron_chestplate":1,"minecraft:golden_boots":1,"minecraft:golden_helmet":1,"minecraft:wooden_axe":3,"minecraft:netherite_boots":1,"minecraft:trident":2,"minecraft:diamond_sword":4,"minecraft:potion":2,"minecraft:bow":1,"minecraft:netherite_leggings":1,"minecraft:netherite_chestplate":1,"minecraft:netherite_axe":2,"minecraft:crossbow":1,"minecraft:netherite_helmet":1,"minecraft:iron_helmet":1,"minecraft:shield":1,"minecraft:iron_sword":1,"minecraft:lingering_potion":2,"minecraft:splash_potion":6},"minecraft:custom":{"minecraft:time_since_rest":86,"minecraft:damage_absorbed":174,"minecraft:crouch_one_cm":1,"minecraft:deaths":5,"minecraft:play_time":13672,"minecraft:sprint_one_cm":47471,"minecraft:damage_taken":1956,"minecraft:walk_one_cm":43731,"minecraft:sneak_time":4,"minecraft:damage_blocked_by_shield":40,"minecraft:mob_kills":2,"minecraft:walk_under_water_one_cm":3905,"minecraft:jump":290,"minecraft:leave_game":1,"minecraft:damage_dealt":316,"minecraft:walk_on_water_one_cm":2074,"minecraft:time_since_death":0,"minecraft:total_world_time":13672,"minecraft:damage_dealt_absorbed":219,"minecraft:fall_one_cm":3465,"minecraft:fly_one_cm":78884},"minecraft:picked_up":{"minecraft:leather":2,"minecraft:potion":1,"minecraft:saddle":2},"minecraft:killed_by":{"minecraft:player":5},"minecraft:killed":{"minecraft:horse":1}},"DataVersion":3463}