{"stats":{"minecraft:used":{"minecraft:trident":59,"minecraft:netherite_sword":3,"minecraft:glass_bottle":5,"minecraft:ender_pearl":19,"minecraft:shield":13,"minecraft:iron_sword":5,"minecraft:player_head":1,"minecraft:polished_blackstone_bricks":2,"minecraft:spyglass":5,"minecraft:crossbow":282,"minecraft:netherite_helmet":1,"minecraft:lingering_potion":110,"minecraft:painting":152,"minecraft:firework_rocket":26,"minecraft:netherite_axe":142,"minecraft:mud_bricks":15,"minecraft:netherite_boots":2,"minecraft:diamond_chestplate":1,"minecraft:fishing_rod":21,"minecraft:diamond_sword":232,"minecraft:wooden_sword":39,"minecraft:potion":185,"minecraft:bow":431,"minecraft:splash_potion":18},"minecraft:dropped":{"minecraft:golden_boots":1,"minecraft:spyglass":2,"minecraft:golden_helmet":2,"minecraft:glass_bottle":155,"minecraft:netherite_axe":5,"minecraft:spectral_arrow":14,"minecraft:leather":18,"minecraft:saddle":24,"minecraft:tipped_arrow":411,"minecraft:mud_bricks":1,"minecraft:lingering_potion":2,"minecraft:potion":27,"minecraft:wooden_sword":6,"minecraft:painting":1,"minecraft:polished_blackstone_bricks":1,"minecraft:arrow":18,"minecraft:bow":2,"minecraft:stone_pickaxe":3,"minecraft:firework_rocket":154},"minecraft:picked_up":{"minecraft:lingering_potion":1,"minecraft:netherite_boots":1,"minecraft:iron_chestplate":2,"minecraft:leather_leggings":1,"minecraft:leather":55,"minecraft:potion":95,"minecraft:golden_boots":2,"minecraft:netherite_leggings":1,"minecraft:elytra":1,"minecraft:wooden_sword":7,"minecraft:bow":3,"minecraft:beef":6,"minecraft:stone_pickaxe":4,"minecraft:netherite_axe":5,"minecraft:glass_bottle":45,"minecraft:diamond_helmet":1,"minecraft:tipped_arrow":3600,"minecraft:golden_helmet":2,"minecraft:spyglass":2,"minecraft:spectral_arrow":13,"minecraft:arrow":7,"minecraft:firework_rocket":164,"minecraft:crossbow":1,"minecraft:saddle":48,"minecraft:netherite_chestplate":2},"minecraft:killed_by":{"minecraft:player":119},"minecraft:custom":{"minecraft:mob_kills":34,"minecraft:bell_ring":18,"minecraft:leave_game":4,"minecraft:time_since_death":0,"minecraft:climb_one_cm":25770,"minecraft:damage_resisted":22373,"minecraft:time_since_rest":5304,"minecraft:sprint_one_cm":743308,"minecraft:damage_absorbed":5108,"minecraft:damage_taken":54798,"minecraft:walk_one_cm":3970284,"minecraft:damage_blocked_by_shield":829,"minecraft:drop":374,"minecraft:damage_dealt":28793,"minecraft:damage_dealt_absorbed":2050,"minecraft:swim_one_cm":1190,"minecraft:fly_one_cm":874010,"minecraft:player_kills":93,"minecraft:crouch_one_cm":34162,"minecraft:play_time":314755,"minecraft:deaths":128,"minecraft:sneak_time":3418,"minecraft:walk_under_water_one_cm":4109,"minecraft:aviate_one_cm":481211,"minecraft:jump":3358,"minecraft:walk_on_water_one_cm":45534,"minecraft:total_world_time":314755,"minecraft:fall_one_cm":381939,"minecraft:horse_one_cm":214659},"minecraft:killed":{"minecraft:horse":30,"minecraft:mooshroom":1,"minecraft:cow":1},"minecraft:broken":{"minecraft:leather_leggings":1}},"DataVersion":3463}