{"stats":{"minecraft:picked_up":{"minecraft:lingering_potion":19,"minecraft:tipped_arrow":1,"minecraft:netherite_boots":1,"minecraft:feather":3,"minecraft:lead":67,"minecraft:diamond_sword":1,"minecraft:spyglass":1,"minecraft:potion":13,"minecraft:chainmail_chestplate":1,"minecraft:paper":1,"minecraft:rotten_flesh":3,"minecraft:diamond_leggings":1,"minecraft:writable_book":1,"minecraft:netherite_sword":1,"minecraft:cooked_chicken":4,"minecraft:glass_bottle":9,"minecraft:diamond_helmet":1},"minecraft:used":{"minecraft:trident":7,"minecraft:netherite_sword":3,"minecraft:writable_book":1,"minecraft:stone_sword":17,"minecraft:firework_rocket":10,"minecraft:netherite_axe":4,"minecraft:ender_pearl":12,"minecraft:shield":3,"minecraft:iron_sword":7,"minecraft:leather_boots":1,"minecraft:diamond_sword":322,"minecraft:fishing_rod":6,"minecraft:wooden_sword":20,"minecraft:spyglass":43,"minecraft:bow":42,"minecraft:potion":19,"minecraft:crossbow":47,"minecraft:lingering_potion":8,"minecraft:splash_potion":14},"minecraft:dropped":{"minecraft:diamond_sword":1,"minecraft:spyglass":1,"minecraft:glass_bottle":2,"minecraft:writable_book":1,"minecraft:spectral_arrow":64,"minecraft:paper":1},"minecraft:killed":{"minecraft:zombie":1,"minecraft:chicken":1},"minecraft:custom":{"minecraft:time_since_rest":31282,"minecraft:damage_taken":13422,"minecraft:walk_one_cm":587741,"minecraft:sprint_one_cm":1093155,"minecraft:damage_absorbed":1259,"minecraft:damage_blocked_by_shield":129,"minecraft:mob_kills":3,"minecraft:drop":7,"minecraft:damage_dealt":6975,"minecraft:swim_one_cm":13823,"minecraft:fly_one_cm":722678,"minecraft:player_kills":20,"minecraft:open_chest":1,"minecraft:crouch_one_cm":11227,"minecraft:sneak_time":1141,"minecraft:play_time":130570,"minecraft:deaths":29,"minecraft:bell_ring":1,"minecraft:walk_under_water_one_cm":1404,"minecraft:aviate_one_cm":217322,"minecraft:jump":2212,"minecraft:leave_game":1,"minecraft:walk_on_water_one_cm":40613,"minecraft:time_since_death":31247,"minecraft:climb_one_cm":19259,"minecraft:total_world_time":130570,"minecraft:damage_resisted":168,"minecraft:fall_one_cm":246302},"minecraft:killed_by":{"minecraft:player":24,"minecraft:wither_skeleton":1}},"DataVersion":3117}