{"stats":{"minecraft:picked_up":{"minecraft:lingering_potion":12,"minecraft:tipped_arrow":112,"minecraft:golden_helmet":1,"minecraft:splash_potion":12,"minecraft:iron_chestplate":1,"minecraft:spyglass":1,"minecraft:potion":21,"minecraft:golden_boots":1,"minecraft:spectral_arrow":320,"minecraft:wooden_sword":1,"minecraft:iron_leggings":1,"minecraft:rotten_flesh":3,"minecraft:bow":1,"minecraft:netherite_helmet":3,"minecraft:netherite_sword":3,"minecraft:iron_helmet":1,"minecraft:crossbow":1,"minecraft:netherite_axe":1,"minecraft:iron_sword":1,"minecraft:iron_boots":1,"minecraft:ender_pearl":9},"minecraft:dropped":{"minecraft:tipped_arrow":5,"minecraft:ender_pearl":9,"minecraft:netherite_sword":3,"minecraft:netherite_axe":1,"minecraft:netherite_helmet":3,"minecraft:potion":1,"minecraft:spectral_arrow":321},"minecraft:used":{"minecraft:netherite_sword":3,"minecraft:trident":27,"minecraft:leather_leggings":1,"minecraft:stone_sword":4,"minecraft:firework_rocket":2,"minecraft:netherite_chestplate":1,"minecraft:netherite_axe":24,"minecraft:ender_pearl":40,"minecraft:iron_helmet":1,"minecraft:shield":12,"minecraft:iron_sword":16,"minecraft:zombie_spawn_egg":2,"minecraft:leather_boots":3,"minecraft:golden_helmet":1,"minecraft:iron_chestplate":1,"minecraft:netherite_boots":2,"minecraft:diamond_chestplate":2,"minecraft:fishing_rod":9,"minecraft:diamond_sword":23,"minecraft:mossy_cobblestone":1,"minecraft:spyglass":4,"minecraft:potion":38,"minecraft:cobblestone":1,"minecraft:bow":44,"minecraft:netherite_leggings":2,"minecraft:crossbow":80,"minecraft:netherite_helmet":2,"minecraft:lingering_potion":25,"minecraft:splash_potion":6},"minecraft:mined":{"minecraft:grass":1},"minecraft:killed":{"minecraft:zombie":2,"minecraft:endermite":1},"minecraft:custom":{"minecraft:time_since_rest":143,"minecraft:sprint_one_cm":380116,"minecraft:walk_one_cm":486490,"minecraft:damage_taken":14211,"minecraft:damage_absorbed":2506,"minecraft:damage_blocked_by_shield":740,"minecraft:mob_kills":3,"minecraft:drop":16,"minecraft:damage_dealt":4075,"minecraft:fly_one_cm":319431,"minecraft:player_kills":13,"minecraft:walk_under_water_one_cm":274,"minecraft:crouch_one_cm":57665,"minecraft:play_time":91903,"minecraft:deaths":29,"minecraft:sneak_time":17574,"minecraft:aviate_one_cm":115394,"minecraft:jump":570,"minecraft:leave_game":3,"minecraft:walk_on_water_one_cm":9457,"minecraft:time_since_death":0,"minecraft:climb_one_cm":1704,"minecraft:total_world_time":91903,"minecraft:damage_resisted":286,"minecraft:fall_one_cm":45985},"minecraft:killed_by":{"minecraft:player":23}},"DataVersion":3117}