{"stats":{"minecraft:used":{"minecraft:wooden_sword":1,"minecraft:firework_rocket":6,"minecraft:potion":8,"minecraft:crossbow":1},"minecraft:killed_by":{"minecraft:player":3},"minecraft:picked_up":{"minecraft:leather":1,"minecraft:crossbow":1,"minecraft:stone_pickaxe":1},"minecraft:dropped":{"minecraft:crossbow":1,"minecraft:firework_rocket":2},"minecraft:custom":{"minecraft:time_since_rest":14154,"minecraft:crouch_one_cm":189,"minecraft:damage_absorbed":20,"minecraft:sprint_one_cm":9632,"minecraft:play_time":45988,"minecraft:deaths":3,"minecraft:damage_taken":1270,"minecraft:walk_one_cm":77107,"minecraft:sneak_time":639,"minecraft:mob_kills":1,"minecraft:drop":3,"minecraft:aviate_one_cm":202526,"minecraft:jump":139,"minecraft:damage_dealt":526,"minecraft:leave_game":3,"minecraft:walk_on_water_one_cm":9613,"minecraft:time_since_death":13969,"minecraft:total_world_time":45988,"minecraft:fly_one_cm":36413,"minecraft:fall_one_cm":14337,"minecraft:horse_one_cm":104720}},"DataVersion":3463}