{"stats":{"minecraft:killed_by":{"minecraft:creeper":1,"minecraft:ravager":4,"minecraft:zombie":4,"minecraft:endermite":1,"minecraft:player":1260,"minecraft:enderman":1,"minecraft:iron_golem":1,"minecraft:warden":4,"minecraft:skeleton":7,"minecraft:wither":3},"minecraft:killed":{"minecraft:zombified_piglin":7,"minecraft:witch":1,"minecraft:spider":1,"minecraft:cod":2,"minecraft:skeleton":31,"minecraft:chicken":5,"minecraft:turtle":3,"minecraft:wolf":1,"minecraft:piglin":1,"minecraft:pig":2,"minecraft:zombie_villager":2,"minecraft:creeper":2,"minecraft:trader_llama":2,"minecraft:pillager":2,"minecraft:goat":1,"minecraft:zombie":47,"minecraft:mooshroom":1,"minecraft:ghast":1,"minecraft:blaze":2,"minecraft:cow":1,"minecraft:giant":1,"minecraft:vindicator":1,"minecraft:endermite":20,"minecraft:slime":1,"minecraft:zoglin":2,"minecraft:horse":43,"minecraft:warden":1,"minecraft:frog":59,"minecraft:wandering_trader":2,"minecraft:wither_skeleton":1,"minecraft:enderman":1},"minecraft:picked_up":{"minecraft:wooden_axe":1,"minecraft:iron_chestplate":11,"minecraft:wheat":22,"minecraft:chainmail_boots":1,"minecraft:lead":2,"minecraft:diamond_sword":6,"minecraft:oak_stairs":1,"minecraft:wither_rose":1,"minecraft:potion":650,"minecraft:birch_button":3,"minecraft:iron_leggings":2,"minecraft:sticky_piston":1,"minecraft:oak_sign":11,"minecraft:diamond_leggings":1,"minecraft:red_sand":8,"minecraft:redstone_torch":67,"minecraft:iron_boots":2,"minecraft:stick":26,"minecraft:tipped_arrow":618,"minecraft:golden_helmet":4,"minecraft:torch":10,"minecraft:porkchop":4,"minecraft:golden_chestplate":1,"minecraft:zombie_spawn_egg":2,"minecraft:stone_sword":2,"minecraft:command_block":116,"minecraft:rotten_flesh":126,"minecraft:end_rod":1,"minecraft:netherite_chestplate":15,"minecraft:cod":1,"minecraft:feather":5,"minecraft:lilac":11,"minecraft:repeater":17,"minecraft:iron_door":3,"minecraft:potato":1,"minecraft:netherite_leggings":3,"minecraft:dirt":1,"minecraft:lantern":1,"minecraft:leather_boots":1,"minecraft:bone":79,"minecraft:bow":31,"minecraft:wheat_seeds":102,"minecraft:light_blue_dye":1,"minecraft:diamond_helmet":12,"minecraft:netherite_axe":4,"minecraft:bamboo":55,"minecraft:lime_terracotta":1,"minecraft:sand":15,"minecraft:ink_sac":3,"minecraft:spectral_arrow":649,"minecraft:polished_andesite":1,"minecraft:dispenser":55,"minecraft:netherite_helmet":4,"minecraft:writable_book":1,"minecraft:lever":2,"minecraft:polished_blackstone_button":1,"minecraft:crossbow":9,"minecraft:spruce_button":5,"minecraft:oak_sapling":30,"minecraft:mangrove_button":2,"minecraft:lingering_potion":152,"minecraft:fishing_rod":31,"minecraft:splash_potion":52,"minecraft:redstone_lamp":1,"minecraft:leather_leggings":6,"minecraft:acacia_button":1,"minecraft:shield":1,"minecraft:moss_carpet":3,"minecraft:elytra":1,"minecraft:wooden_sword":2,"minecraft:item_frame":4,"minecraft:iron_shovel":1,"minecraft:glass_pane":1,"minecraft:netherite_sword":4,"minecraft:birch_sapling":14,"minecraft:egg":12,"minecraft:oak_door":2,"minecraft:glow_item_frame":2,"minecraft:stone_button":16,"minecraft:trident":5,"minecraft:redstone":214,"minecraft:dark_oak_planks":6,"minecraft:arrow":743,"minecraft:diamond_chestplate":7,"minecraft:peony":6,"minecraft:diamond_boots":1,"minecraft:pink_tulip":1,"minecraft:saddle":68,"minecraft:glow_berries":1,"minecraft:mutton":2,"minecraft:white_wool":2,"minecraft:netherite_boots":5,"minecraft:tripwire_hook":1,"minecraft:salmon":1,"minecraft:leather":52,"minecraft:filled_map":2,"minecraft:birch_planks":32,"minecraft:packed_mud":1,"minecraft:chainmail_chestplate":1,"minecraft:jungle_button":2,"minecraft:gunpowder":2,"minecraft:red_carpet":1,"minecraft:apple":6,"minecraft:iron_ingot":2,"minecraft:stone_pickaxe":6,"minecraft:cooked_chicken":193,"minecraft:glass_bottle":266,"minecraft:iron_sword":1,"minecraft:flowering_azalea":3,"minecraft:sculk_catalyst":2,"minecraft:scaffolding":2,"minecraft:spyglass":4,"minecraft:soul_torch":1,"minecraft:waxed_exposed_cut_copper_stairs":64,"minecraft:leather_helmet":2,"minecraft:firework_rocket":380,"minecraft:slime_ball":3,"minecraft:iron_helmet":7,"minecraft:painting":2,"minecraft:birch_sign":12,"minecraft:ender_pearl":276},"minecraft:mined":{"minecraft:dark_oak_planks":1,"minecraft:grass_block":1,"minecraft:fire":18,"minecraft:pink_tulip":1,"minecraft:azalea":1,"minecraft:blue_stained_glass":1,"minecraft:powder_snow":2,"minecraft:dead_bush":1,"minecraft:lilac":16,"minecraft:grass":4,"minecraft:sand":2,"minecraft:dispenser":14,"minecraft:oak_leaves":4,"minecraft:large_fern":1,"minecraft:packed_mud":1,"minecraft:peony":10,"minecraft:redstone_wall_torch":1,"minecraft:flowering_azalea":5,"minecraft:redstone_torch":1,"minecraft:end_rod":5},"minecraft:broken":{"minecraft:leather_helmet":3,"minecraft:shield":1},"minecraft:dropped":{"minecraft:waxed_exposed_cut_copper_stairs":128,"minecraft:glass_bottle":77,"minecraft:crossbow":3,"minecraft:leather":4,"minecraft:saddle":5,"minecraft:item_frame":1,"minecraft:packed_mud":1,"minecraft:stone_button":2,"minecraft:dispenser":32,"minecraft:wooden_sword":1,"minecraft:bone_meal":1,"minecraft:netherite_sword":2,"minecraft:birch_sapling":1,"minecraft:rotten_flesh":4,"minecraft:tipped_arrow":218,"minecraft:lingering_potion":16,"minecraft:leather_boots":1,"minecraft:arrow":14,"minecraft:splash_potion":1,"minecraft:egg":1,"minecraft:iron_ingot":1,"minecraft:wheat_seeds":5,"minecraft:golden_helmet":1,"minecraft:lilac":3,"minecraft:netherite_axe":1,"minecraft:spectral_arrow":188,"minecraft:apple":4,"minecraft:command_block":2,"minecraft:stick":2,"minecraft:polished_andesite":1,"minecraft:ink_sac":3,"minecraft:repeater":2,"minecraft:wooden_axe":1,"minecraft:iron_door":1,"minecraft:potion":39,"minecraft:oak_stairs":1,"minecraft:zombie_spawn_egg":2,"minecraft:glass_pane":2,"minecraft:diamond_sword":2,"minecraft:light_blue_dye":2,"minecraft:iron_chestplate":2,"minecraft:oak_sapling":12,"minecraft:birch_sign":1,"minecraft:diamond_boots":1,"minecraft:bow":3,"minecraft:stone_pickaxe":9},"minecraft:custom":{"minecraft:animals_bred":1,"minecraft:interact_with_crafting_table":2,"minecraft:open_barrel":18,"minecraft:bell_ring":135,"minecraft:eat_cake_slice":22,"minecraft:leave_game":200,"minecraft:time_since_death":88166,"minecraft:damage_resisted":149034,"minecraft:sprint_one_cm":21373630,"minecraft:damage_blocked_by_shield":19322,"minecraft:drop":291,"minecraft:talked_to_villager":1,"minecraft:play_time":9111032,"minecraft:deaths":1371,"minecraft:jump":112102,"minecraft:walk_on_water_one_cm":888523,"minecraft:open_enderchest":72,"minecraft:damage_dealt":145488,"minecraft:player_kills":865,"minecraft:crouch_one_cm":162161,"minecraft:use_cauldron":1,"minecraft:inspect_dispenser":39,"minecraft:horse_one_cm":1133317,"minecraft:interact_with_smithing_table":3,"minecraft:interact_with_anvil":1,"minecraft:mob_kills":282,"minecraft:inspect_hopper":35,"minecraft:fill_cauldron":7,"minecraft:climb_one_cm":167605,"minecraft:walk_one_cm":18048616,"minecraft:damage_dealt_absorbed":20917,"minecraft:sneak_time":127120,"minecraft:walk_under_water_one_cm":418644,"minecraft:interact_with_lectern":2,"minecraft:interact_with_blast_furnace":1,"minecraft:total_world_time":9111032,"minecraft:time_since_rest":88192,"minecraft:damage_absorbed":115985,"minecraft:damage_taken":751136,"minecraft:minecart_one_cm":3378,"minecraft:swim_one_cm":311342,"minecraft:fly_one_cm":52074110,"minecraft:open_chest":17,"minecraft:aviate_one_cm":5469101,"minecraft:fish_caught":1,"minecraft:fall_one_cm":4777024},"minecraft:used":{"minecraft:peony":1,"minecraft:moss_block":104,"minecraft:moss_carpet":55,"minecraft:writable_book":2,"minecraft:red_sand":1518,"minecraft:polished_deepslate":65,"minecraft:dispenser":27,"minecraft:spruce_slab":144,"minecraft:ladder":22,"minecraft:oak_sign":236,"minecraft:mangrove_button":22,"minecraft:black_carpet":2,"minecraft:donkey_spawn_egg":1,"minecraft:chest":3,"minecraft:shield":290,"minecraft:white_terracotta":37,"minecraft:stone":1255,"minecraft:iron_sword":349,"minecraft:zombie_spawn_egg":65,"minecraft:grass":1,"minecraft:player_head":7,"minecraft:sculk_sensor":1,"minecraft:iron_chestplate":1,"minecraft:mooshroom_spawn_egg":1,"minecraft:skeleton_spawn_egg":54,"minecraft:blue_stained_glass":28,"minecraft:deepslate_tile_slab":31,"minecraft:deepslate_brick_slab":22,"minecraft:acacia_button":7,"minecraft:stripped_spruce_log":60,"minecraft:polished_deepslate_stairs":36,"minecraft:polished_blackstone_slab":313,"minecraft:frog_spawn_egg":66,"minecraft:glass":52,"minecraft:honey_block":4,"minecraft:cyan_terracotta":16,"minecraft:lava_bucket":217,"minecraft:stripped_dark_oak_wood":7,"minecraft:bricks":285,"minecraft:mangrove_stairs":43,"minecraft:red_wool":242,"minecraft:quartz_slab":15,"minecraft:black_stained_glass_pane":4,"minecraft:lantern":23,"minecraft:grass_block":2733,"minecraft:packed_mud":51,"minecraft:polished_andesite_stairs":33,"minecraft:wet_sponge":2,"minecraft:dark_oak_slab":64,"minecraft:stone_brick_stairs":80,"minecraft:stone_bricks":1005,"minecraft:item_frame":78,"minecraft:slime_spawn_egg":2,"minecraft:spruce_hanging_sign":2,"minecraft:repeater":1110,"minecraft:birch_button":24,"minecraft:birch_trapdoor":1,"minecraft:red_carpet":22,"minecraft:dolphin_spawn_egg":1,"minecraft:redstone_lamp":48,"minecraft:magma_block":2,"minecraft:bow":4368,"minecraft:scaffolding":13,"minecraft:jungle_button":19,"minecraft:furnace":1,"minecraft:mangrove_slab":346,"minecraft:acacia_fence":3,"minecraft:egg":2,"minecraft:seagrass":30,"minecraft:polished_blackstone_stairs":41,"minecraft:stripped_spruce_wood":13,"minecraft:zoglin_spawn_egg":1,"minecraft:mangrove_leaves":11,"minecraft:waxed_oxidized_cut_copper_slab":5,"minecraft:dark_oak_stairs":88,"minecraft:mossy_stone_bricks":100,"minecraft:end_rod":36,"minecraft:cow_spawn_egg":1,"minecraft:birch_leaves":68,"minecraft:stone_pickaxe":14,"minecraft:mangrove_planks":56,"minecraft:oak_planks":1695,"minecraft:polished_diorite_slab":28,"minecraft:blackstone":154,"minecraft:ender_pearl":1208,"minecraft:redstone_block":1,"minecraft:diamond_axe":201,"minecraft:smooth_quartz_stairs":169,"minecraft:oak_leaves":349,"minecraft:stripped_mangrove_wood":4,"minecraft:glow_berries":4,"minecraft:dark_oak_trapdoor":22,"minecraft:blue_dye":19,"minecraft:sand":928,"minecraft:purpur_stairs":8,"minecraft:yellow_terracotta":93,"minecraft:light_blue_concrete":6,"minecraft:light_gray_terracotta":57,"minecraft:yellow_concrete":46,"minecraft:crossbow":7611,"minecraft:ochre_froglight":8,"minecraft:sponge":23,"minecraft:chiseled_quartz_block":33,"minecraft:lingering_potion":1291,"minecraft:dripstone_block":3,"minecraft:stone_brick_wall":80,"minecraft:gray_concrete":243,"minecraft:cobbled_deepslate_stairs":2,"minecraft:deepslate_tiles":389,"minecraft:redstone_torch":484,"minecraft:sticky_piston":20,"minecraft:lever":25,"minecraft:green_concrete":238,"minecraft:red_sandstone":28,"minecraft:black_concrete":54,"minecraft:firework_rocket":208,"minecraft:birch_fence_gate":8,"minecraft:crying_obsidian":2,"minecraft:light_gray_concrete":18,"minecraft:gray_stained_glass_pane":12,"minecraft:birch_slab":6,"minecraft:heavy_weighted_pressure_plate":7,"minecraft:barrier":31,"minecraft:brown_stained_glass":2,"minecraft:brown_wool":14,"minecraft:stone_button":52,"minecraft:lectern":1,"minecraft:polished_granite":8,"minecraft:oak_pressure_plate":2,"minecraft:iron_door":68,"minecraft:deepslate":152,"minecraft:gravel":297,"minecraft:lilac":18,"minecraft:polished_andesite_slab":4,"minecraft:blackstone_slab":9,"minecraft:magenta_stained_glass_pane":37,"minecraft:smooth_red_sandstone_slab":46,"minecraft:diamond_sword":834,"minecraft:fire_charge":18,"minecraft:wooden_sword":157,"minecraft:stripped_oak_wood":90,"minecraft:dark_oak_fence":12,"minecraft:smithing_table":2,"minecraft:birch_log":7,"minecraft:piglin_spawn_egg":1,"minecraft:andesite":40,"minecraft:chain":25,"minecraft:smooth_stone_slab":124,"minecraft:coarse_dirt":4,"minecraft:bone_meal":32,"minecraft:azalea":36,"minecraft:oak_fence":7,"minecraft:trident":896,"minecraft:netherite_sword":707,"minecraft:jungle_leaves":10,"minecraft:iron_bars":676,"minecraft:stone_sword":265,"minecraft:orange_concrete":12,"minecraft:flint_and_steel":21,"minecraft:red_concrete":16,"minecraft:armor_stand":3,"minecraft:redstone":647,"minecraft:zombie_villager_spawn_egg":1,"minecraft:spruce_planks":418,"minecraft:ender_chest":3,"minecraft:wither_skeleton_spawn_egg":1,"minecraft:stripped_birch_wood":147,"minecraft:sandstone_wall":1,"minecraft:structure_block":55,"minecraft:cooked_chicken":1,"minecraft:dried_kelp_block":68,"minecraft:oak_door":16,"minecraft:torch":33,"minecraft:anvil":4,"minecraft:dirt":377,"minecraft:spyglass":220,"minecraft:ancient_debris":2,"minecraft:light_blue_dye":5,"minecraft:hopper":8,"minecraft:spruce_stairs":42,"minecraft:stone_stairs":92,"minecraft:nether_brick_slab":19,"minecraft:oak_wood":2,"minecraft:glow_lichen":20,"minecraft:spruce_fence":103,"minecraft:granite":28,"minecraft:allay_spawn_egg":1,"minecraft:blue_concrete":34,"minecraft:nether_brick_stairs":49,"minecraft:polished_diorite":6,"minecraft:birch_door":4,"minecraft:purple_stained_glass_pane":1,"minecraft:stone_brick_slab":150,"minecraft:wooden_axe":8,"minecraft:dark_oak_planks":622,"minecraft:flowering_azalea":2,"minecraft:bookshelf":6,"minecraft:waxed_cut_copper":8,"minecraft:light_weighted_pressure_plate":3,"minecraft:oak_stairs":15,"minecraft:spruce_button":13,"minecraft:slime_block":6,"minecraft:crimson_slab":115,"minecraft:polished_deepslate_wall":1,"minecraft:jungle_log":28,"minecraft:birch_hanging_sign":4,"minecraft:chicken_spawn_egg":15,"minecraft:red_candle":37,"minecraft:polished_blackstone_brick_stairs":46,"minecraft:smooth_quartz":12,"minecraft:mud_bricks":208,"minecraft:crimson_planks":8,"minecraft:barrel":39,"minecraft:bamboo":6,"minecraft:smooth_basalt":8,"minecraft:blaze_spawn_egg":1,"minecraft:lime_concrete":10,"minecraft:iron_trapdoor":21,"minecraft:wolf_spawn_egg":2,"minecraft:deepslate_tile_stairs":8,"minecraft:white_stained_glass_pane":2,"minecraft:podzol":10,"minecraft:observer":6,"minecraft:stone_pressure_plate":7,"minecraft:mossy_stone_brick_wall":1,"minecraft:powder_snow_bucket":14,"minecraft:zombified_piglin_spawn_egg":7,"minecraft:red_dye":22,"minecraft:magenta_dye":1,"minecraft:orange_terracotta":520,"minecraft:turtle_spawn_egg":70,"minecraft:water_bucket":466,"minecraft:chiseled_bookshelf":3,"minecraft:mangrove_wood":15,"minecraft:pink_tulip":1,"minecraft:cobblestone_stairs":2,"minecraft:birch_planks":508,"minecraft:glass_bottle":75,"minecraft:polished_andesite":340,"minecraft:andesite_slab":4,"minecraft:smooth_sandstone_slab":121,"minecraft:cherry_planks":55,"minecraft:cauldron":13,"minecraft:sniffer_egg":1,"minecraft:glow_ink_sac":110,"minecraft:fletching_table":2,"minecraft:sheep_spawn_egg":13,"minecraft:red_glazed_terracotta":11,"minecraft:horse_spawn_egg":1,"minecraft:deepslate_bricks":83,"minecraft:polished_blackstone_bricks":234,"minecraft:glow_item_frame":24,"minecraft:polished_blackstone_pressure_plate":2,"minecraft:polished_deepslate_slab":4,"minecraft:mossy_cobblestone":9,"minecraft:lime_terracotta":94,"minecraft:terracotta":668,"minecraft:comparator":44,"minecraft:mangrove_trapdoor":79,"minecraft:vine":41,"minecraft:tnt":13,"minecraft:oak_slab":2,"minecraft:green_dye":47,"minecraft:phantom_spawn_egg":1,"minecraft:birch_sign":225,"minecraft:sculk_shrieker":1,"minecraft:campfire":46,"minecraft:dark_oak_fence_gate":9,"minecraft:painting":16,"minecraft:cake":7,"minecraft:spruce_log":56,"minecraft:deepslate_tile_wall":27,"minecraft:oak_log":170,"minecraft:mud":153,"minecraft:gray_terracotta":5,"minecraft:piston":6,"minecraft:netherite_block":7,"minecraft:yellow_dye":16,"minecraft:light":9,"minecraft:black_wool":1,"minecraft:ghast_spawn_egg":1,"minecraft:acacia_sign":1,"minecraft:command_block":1150,"minecraft:oak_button":8,"minecraft:pig_spawn_egg":5,"minecraft:map":12,"minecraft:netherite_axe":886,"minecraft:jungle_stairs":4,"minecraft:stone_slab":258,"minecraft:spruce_trapdoor":38,"minecraft:purple_dye":9,"minecraft:yellow_wool":2,"minecraft:chiseled_stone_bricks":3,"minecraft:fishing_rod":117,"minecraft:cobblestone":2,"minecraft:potion":2903,"minecraft:azalea_leaves":4,"minecraft:stripped_crimson_hyphae":72,"minecraft:chain_command_block":29,"minecraft:sandstone_slab":29,"minecraft:bucket":2,"minecraft:glass_pane":54,"minecraft:repeating_command_block":36,"minecraft:goat_spawn_egg":1,"minecraft:splash_potion":1338,"minecraft:smooth_stone":625,"minecraft:candle":12,"minecraft:birch_stairs":27,"minecraft:pillager_spawn_egg":2,"minecraft:soul_torch":11}},"DataVersion":3463}