{"stats":{"minecraft:used":{"minecraft:diamond_sword":2,"minecraft:spyglass":2,"minecraft:bow":15},"minecraft:killed_by":{"minecraft:player":3},"minecraft:custom":{"minecraft:jump":14,"minecraft:time_since_rest":2531,"minecraft:leave_game":1,"minecraft:damage_dealt":110,"minecraft:crouch_one_cm":16284,"minecraft:sprint_one_cm":4435,"minecraft:deaths":3,"minecraft:damage_taken":796,"minecraft:play_time":13460,"minecraft:walk_on_water_one_cm":4395,"minecraft:time_since_death":2503,"minecraft:walk_one_cm":179367,"minecraft:sneak_time":2020,"minecraft:climb_one_cm":1112,"minecraft:total_world_time":13460,"minecraft:fall_one_cm":5292,"minecraft:fly_one_cm":3993}},"DataVersion":3117}