{"stats":{"minecraft:used":{"minecraft:golden_boots":3,"minecraft:trident":19,"minecraft:netherite_sword":14,"minecraft:stone_sword":44,"minecraft:armor_stand":25,"minecraft:glass_bottle":5,"minecraft:netherite_chestplate":6,"minecraft:ender_pearl":20,"minecraft:shield":1,"minecraft:iron_sword":38,"minecraft:leather_boots":5,"minecraft:spyglass":178,"minecraft:netherite_leggings":5,"minecraft:crossbow":299,"minecraft:netherite_helmet":7,"minecraft:lingering_potion":23,"minecraft:golden_chestplate":1,"minecraft:milk_bucket":2,"minecraft:wooden_axe":8,"minecraft:firework_rocket":26,"minecraft:grass_block":27,"minecraft:netherite_axe":116,"minecraft:iron_helmet":1,"minecraft:golden_helmet":5,"minecraft:netherite_boots":5,"minecraft:diamond_chestplate":2,"minecraft:fishing_rod":4,"minecraft:diamond_sword":201,"minecraft:wooden_sword":61,"minecraft:potion":248,"minecraft:bow":552,"minecraft:smithing_table":2,"minecraft:splash_potion":5},"minecraft:picked_up":{"minecraft:wooden_axe":1,"minecraft:netherite_boots":1,"minecraft:iron_chestplate":2,"minecraft:leather_chestplate":1,"minecraft:leather_leggings":2,"minecraft:leather":12,"minecraft:potion":85,"minecraft:golden_boots":1,"minecraft:netherite_leggings":1,"minecraft:elytra":1,"minecraft:wooden_sword":4,"minecraft:bow":2,"minecraft:netherite_sword":1,"minecraft:player_head":1,"minecraft:netherite_axe":1,"minecraft:diamond_helmet":2,"minecraft:glass_bottle":41,"minecraft:golden_helmet":1,"minecraft:tipped_arrow":140,"minecraft:spyglass":3,"minecraft:trident":2,"minecraft:spectral_arrow":65,"minecraft:arrow":3,"minecraft:saddle":9,"minecraft:netherite_chestplate":4,"minecraft:ender_pearl":80},"minecraft:killed":{"minecraft:horse":5},"minecraft:crafted":{"minecraft:air":0,"minecraft:netherite_chestplate":16},"minecraft:killed_by":{"minecraft:player":99},"minecraft:dropped":{"minecraft:spyglass":1,"minecraft:glass_bottle":42,"minecraft:netherite_axe":1,"minecraft:netherite_chestplate":1,"minecraft:spectral_arrow":131,"minecraft:leather":3,"minecraft:saddle":3,"minecraft:tipped_arrow":10,"minecraft:lingering_potion":1,"minecraft:potion":6,"minecraft:arrow":4,"minecraft:bow":1,"minecraft:stone_pickaxe":2},"minecraft:custom":{"minecraft:interact_with_smithing_table":8,"minecraft:mob_kills":5,"minecraft:leave_game":9,"minecraft:time_since_death":62,"minecraft:climb_one_cm":19979,"minecraft:damage_resisted":19236,"minecraft:time_since_rest":93,"minecraft:damage_absorbed":10228,"minecraft:sprint_one_cm":1310235,"minecraft:damage_taken":47940,"minecraft:walk_one_cm":2555985,"minecraft:damage_blocked_by_shield":50,"minecraft:drop":78,"minecraft:damage_dealt":18651,"minecraft:damage_dealt_absorbed":5922,"minecraft:swim_one_cm":13005,"minecraft:fly_one_cm":785893,"minecraft:player_kills":90,"minecraft:open_chest":3,"minecraft:crouch_one_cm":24444,"minecraft:play_time":311319,"minecraft:deaths":108,"minecraft:sneak_time":10373,"minecraft:walk_under_water_one_cm":19396,"minecraft:aviate_one_cm":1350270,"minecraft:jump":2824,"minecraft:walk_on_water_one_cm":36607,"minecraft:total_world_time":311319,"minecraft:fall_one_cm":319087,"minecraft:horse_one_cm":80617}},"DataVersion":3463}