{"stats":{"minecraft:used":{"minecraft:wooden_axe":8,"minecraft:trident":2,"minecraft:glass_bottle":4,"minecraft:iron_sword":11,"minecraft:leather_boots":1,"minecraft:diamond_sword":5,"minecraft:spyglass":7,"minecraft:potion":13,"minecraft:bow":77,"minecraft:crossbow":71,"minecraft:lingering_potion":6},"minecraft:picked_up":{"minecraft:netherite_boots":1,"minecraft:leather":3,"minecraft:potion":20,"minecraft:spectral_arrow":12,"minecraft:netherite_leggings":1,"minecraft:golden_chestplate":1,"minecraft:firework_rocket":98,"minecraft:stone_sword":1,"minecraft:bow":1,"minecraft:netherite_helmet":1,"minecraft:crossbow":1},"minecraft:killed":{"minecraft:horse":1},"minecraft:killed_by":{"minecraft:player":12},"minecraft:custom":{"minecraft:time_since_rest":609,"minecraft:damage_absorbed":410,"minecraft:sprint_one_cm":276205,"minecraft:damage_taken":4747,"minecraft:walk_one_cm":296446,"minecraft:mob_kills":1,"minecraft:damage_dealt":759,"minecraft:swim_one_cm":22823,"minecraft:damage_dealt_absorbed":816,"minecraft:fly_one_cm":85061,"minecraft:player_kills":6,"minecraft:open_barrel":2,"minecraft:crouch_one_cm":8871,"minecraft:play_time":40752,"minecraft:deaths":12,"minecraft:sneak_time":1092,"minecraft:walk_under_water_one_cm":10908,"minecraft:jump":314,"minecraft:leave_game":1,"minecraft:walk_on_water_one_cm":3677,"minecraft:time_since_death":568,"minecraft:climb_one_cm":6047,"minecraft:total_world_time":40752,"minecraft:damage_resisted":6270,"minecraft:fall_one_cm":15118}},"DataVersion":3463}