{"stats":{"minecraft:used":{"minecraft:wooden_sword":3,"minecraft:potion":19,"minecraft:netherite_axe":14,"minecraft:crossbow":10},"minecraft:picked_up":{"minecraft:wooden_sword":1,"minecraft:crossbow":2,"minecraft:potion":5,"minecraft:netherite_axe":1,"minecraft:glass_bottle":7},"minecraft:dropped":{"minecraft:potion":5,"minecraft:wooden_sword":1,"minecraft:spectral_arrow":4,"minecraft:tipped_arrow":5,"minecraft:glass_bottle":20,"minecraft:netherite_axe":1,"minecraft:crossbow":2},"minecraft:killed_by":{"minecraft:player":2},"minecraft:custom":{"minecraft:time_since_rest":5979,"minecraft:deaths":2,"minecraft:walk_one_cm":431617,"minecraft:play_time":24858,"minecraft:sprint_one_cm":85747,"minecraft:damage_taken":1588,"minecraft:damage_absorbed":81,"minecraft:sneak_time":80,"minecraft:walk_under_water_one_cm":1963,"minecraft:drop":38,"minecraft:jump":424,"minecraft:leave_game":1,"minecraft:damage_dealt":995,"minecraft:time_since_death":5947,"minecraft:walk_on_water_one_cm":17377,"minecraft:climb_one_cm":2894,"minecraft:total_world_time":24858,"minecraft:fall_one_cm":49126,"minecraft:fly_one_cm":179955,"minecraft:player_kills":3}},"DataVersion":3463}