{"stats":{"minecraft:picked_up":{"minecraft:wooden_axe":1,"minecraft:iron_chestplate":4,"minecraft:lingering_potion":17,"minecraft:cocoa_beans":10,"minecraft:mud":10,"minecraft:seagrass":10,"minecraft:slime_spawn_egg":10,"minecraft:coarse_dirt":10,"minecraft:splash_potion":16,"minecraft:redstone_block":1,"minecraft:anvil":1,"minecraft:diamond_sword":2,"minecraft:potion":75,"minecraft:birch_button":1,"minecraft:moss_carpet":11,"minecraft:soul_soil":10,"minecraft:orange_concrete":2,"minecraft:sticky_piston":9,"minecraft:oak_sign":2,"minecraft:sea_pickle":10,"minecraft:red_sand":3,"minecraft:smooth_stone":1,"minecraft:oak_boat":1,"minecraft:redstone_torch":7,"minecraft:observer":10,"minecraft:minecart":2,"minecraft:sugar_cane":10,"minecraft:birch_sapling":2,"minecraft:egg":12,"minecraft:lime_wool":10,"minecraft:golden_helmet":1,"minecraft:tipped_arrow":14,"minecraft:stick":2,"minecraft:fire_charge":10,"minecraft:dried_kelp":10,"minecraft:stone_button":2,"minecraft:brown_concrete_powder":10,"minecraft:pointed_dripstone":10,"minecraft:trident":3,"minecraft:brown_dye":10,"minecraft:green_terracotta":10,"minecraft:rabbit_foot":10,"minecraft:cactus":10,"minecraft:arrow":80,"minecraft:rotten_flesh":80,"minecraft:beetroot_seeds":10,"minecraft:saddle":15,"minecraft:mangrove_roots":10,"minecraft:green_wool":10,"minecraft:oak_chest_boat":2,"minecraft:tadpole_bucket":1,"minecraft:netherite_chestplate":1,"minecraft:cod":28,"minecraft:snowball":1,"minecraft:blaze_powder":10,"minecraft:magma_block":10,"minecraft:muddy_mangrove_roots":10,"minecraft:lilac":3,"minecraft:cooked_beef":2,"minecraft:repeater":1,"minecraft:salmon":3,"minecraft:brown_wool":10,"minecraft:leather":15,"minecraft:green_concrete_powder":10,"minecraft:potato":1,"minecraft:packed_mud":10,"minecraft:brown_concrete":10,"minecraft:oak_log":1,"minecraft:lily_pad":36,"minecraft:zombie_horse_spawn_egg":10,"minecraft:dirt":16,"minecraft:paper":1,"minecraft:white_banner":17,"minecraft:brown_candle":10,"minecraft:podzol":10,"minecraft:bone":38,"minecraft:hanging_roots":10,"minecraft:kelp":10,"minecraft:bow":4,"minecraft:wheat_seeds":10,"minecraft:green_candle":10,"minecraft:stone_pickaxe":1,"minecraft:frogspawn":10,"minecraft:tall_grass":10,"minecraft:diamond_helmet":1,"minecraft:glass_bottle":143,"minecraft:bamboo":10,"minecraft:moss_block":10,"minecraft:iron_sword":1,"minecraft:soul_sand":10,"minecraft:green_dye":10,"minecraft:debug_stick":1,"minecraft:glow_lichen":10,"minecraft:green_glazed_terracotta":10,"minecraft:poisonous_potato":10,"minecraft:sand":394,"minecraft:melon":10,"minecraft:brown_mushroom_block":10,"minecraft:dead_bush":10,"minecraft:grass_block":10,"minecraft:spectral_arrow":20,"minecraft:firework_rocket":108,"minecraft:lime_dye":10,"minecraft:pumpkin_seeds":10,"minecraft:dried_kelp_block":10,"minecraft:slime_ball":10,"minecraft:green_concrete":10,"minecraft:slime_block":3,"minecraft:lever":3,"minecraft:iron_helmet":4,"minecraft:crossbow":2,"minecraft:scute":10,"minecraft:spruce_button":3,"minecraft:rooted_dirt":10,"minecraft:light_gray_carpet":1,"minecraft:melon_seeds":10,"minecraft:ender_pearl":34},"minecraft:crafted":{"minecraft:oak_planks":4},"minecraft:mined":{"minecraft:lily_pad":1,"minecraft:lilac":1,"minecraft:birch_leaves":1,"minecraft:oak_log":1,"minecraft:dispenser":1,"minecraft:oak_leaves":20},"minecraft:killed":{"minecraft:endermite":4,"minecraft:tadpole":2,"minecraft:horse":19,"minecraft:skeleton":60,"minecraft:turtle":1,"minecraft:tropical_fish":4,"minecraft:bat":1,"minecraft:creeper":1,"minecraft:polar_bear":20,"minecraft:zombie":32,"minecraft:cow":1},"minecraft:custom":{"minecraft:mob_kills":156,"minecraft:interact_with_anvil":2,"minecraft:inspect_hopper":4,"minecraft:open_barrel":5,"minecraft:open_shulker_box":15,"minecraft:bell_ring":23,"minecraft:leave_game":76,"minecraft:time_since_death":2771,"minecraft:climb_one_cm":108492,"minecraft:damage_resisted":90090,"minecraft:sprint_one_cm":9750959,"minecraft:walk_one_cm":3815087,"minecraft:damage_blocked_by_shield":2267,"minecraft:drop":724,"minecraft:damage_dealt_absorbed":9027,"minecraft:target_hit":3,"minecraft:play_time":2238108,"minecraft:deaths":529,"minecraft:sneak_time":104589,"minecraft:walk_under_water_one_cm":87601,"minecraft:boat_one_cm":26666,"minecraft:interact_with_lectern":2,"minecraft:jump":34738,"minecraft:walk_on_water_one_cm":212232,"minecraft:total_world_time":2238108,"minecraft:tune_noteblock":1,"minecraft:interact_with_loom":1,"minecraft:sleep_in_bed":12,"minecraft:time_since_rest":2796,"minecraft:open_enderchest":1,"minecraft:damage_taken":189639,"minecraft:damage_absorbed":19545,"minecraft:minecart_one_cm":6137,"minecraft:damage_dealt":54291,"minecraft:swim_one_cm":251133,"minecraft:fly_one_cm":13820393,"minecraft:player_kills":355,"minecraft:open_chest":2,"minecraft:crouch_one_cm":250456,"minecraft:aviate_one_cm":678183,"minecraft:interact_with_smoker":1,"minecraft:fall_one_cm":1528734,"minecraft:inspect_dispenser":14,"minecraft:horse_one_cm":390662},"minecraft:killed_by":{"minecraft:player":468,"minecraft:skeleton":9,"minecraft:zombie":3},"minecraft:dropped":{"minecraft:lilac":1,"minecraft:glass_bottle":518,"minecraft:ender_pearl":2,"minecraft:minecart":1,"minecraft:netherite_axe":1,"minecraft:crossbow":1,"minecraft:tadpole_bucket":1,"minecraft:iron_helmet":4,"minecraft:spectral_arrow":43,"minecraft:saddle":1,"minecraft:netherite_boots":1,"minecraft:potion":22,"minecraft:wooden_sword":1,"minecraft:paper":1,"minecraft:bone":7,"minecraft:redstone_block":1,"minecraft:anvil":1,"minecraft:birch_sapling":2,"minecraft:rotten_flesh":36,"minecraft:oak_planks":4,"minecraft:stone_slab":1,"minecraft:debug_stick":1,"minecraft:oak_sign":2,"minecraft:diamond_sword":1,"minecraft:oak_chest_boat":1,"minecraft:tipped_arrow":64,"minecraft:potato":1,"minecraft:iron_chestplate":4,"minecraft:lingering_potion":2,"minecraft:leather_boots":1,"minecraft:oak_boat":1,"minecraft:birch_button":1,"minecraft:bow":6,"minecraft:arrow":83,"minecraft:splash_potion":2},"minecraft:used":{"minecraft:trident":80,"minecraft:netherite_sword":100,"minecraft:iron_bars":1191,"minecraft:stone_sword":110,"minecraft:red_sand":688,"minecraft:light_gray_stained_glass_pane":3,"minecraft:orange_concrete":24,"minecraft:flint_and_steel":27,"minecraft:dispenser":2,"minecraft:tadpole_spawn_egg":48,"minecraft:red_concrete":29,"minecraft:spruce_slab":397,"minecraft:redstone":16,"minecraft:light_gray_carpet":9,"minecraft:oak_sign":2,"minecraft:black_carpet":5,"minecraft:spruce_planks":1,"minecraft:shield":37,"minecraft:stone":16,"minecraft:iron_sword":27,"minecraft:zombie_spawn_egg":22,"minecraft:bell":1,"minecraft:sculk_sensor":3,"minecraft:iron_chestplate":5,"minecraft:debug_stick":178,"minecraft:anvil":15,"minecraft:dirt":13,"minecraft:spyglass":40,"minecraft:target":8,"minecraft:skeleton_spawn_egg":15,"minecraft:blue_stained_glass":11,"minecraft:diamond_helmet":1,"minecraft:granite":5,"minecraft:snowball":2514,"minecraft:nether_brick_stairs":4,"minecraft:red_sandstone_stairs":19,"minecraft:glass":1,"minecraft:birch_door":4,"minecraft:polished_blackstone_slab":1,"minecraft:frog_spawn_egg":87,"minecraft:wooden_axe":52,"minecraft:dark_oak_planks":1,"minecraft:honeycomb":11,"minecraft:lava_bucket":5,"minecraft:stripped_dark_oak_wood":4,"minecraft:light_gray_stained_glass":4,"minecraft:mangrove_stairs":5,"minecraft:red_wool":40,"minecraft:quartz_slab":3,"minecraft:grass_block":50,"minecraft:muddy_mangrove_roots":2,"minecraft:spruce_button":4,"minecraft:slime_block":1,"minecraft:polished_deepslate_wall":1,"minecraft:iron_helmet":40,"minecraft:smooth_quartz":1,"minecraft:item_frame":5,"minecraft:bedrock":147,"minecraft:netherite_boots":31,"minecraft:birch_button":1,"minecraft:diamond_chestplate":15,"minecraft:tadpole_bucket":311,"minecraft:repeater":3,"minecraft:red_carpet":1,"minecraft:redstone_lamp":2,"minecraft:bow":3070,"minecraft:mangrove_slab":9,"minecraft:white_stained_glass_pane":3,"minecraft:minecart":37,"minecraft:egg":3,"minecraft:observer":90,"minecraft:orange_terracotta":31,"minecraft:dark_prismarine_stairs":1,"minecraft:oak_chest_boat":1,"minecraft:cobbled_deepslate_wall":57,"minecraft:turtle_spawn_egg":19,"minecraft:golden_boots":45,"minecraft:yellow_banner":2,"minecraft:water_bucket":76,"minecraft:leather_leggings":13,"minecraft:netherite_chestplate":14,"minecraft:stone_pickaxe":1,"minecraft:birch_planks":6,"minecraft:infested_stone":5,"minecraft:glass_bottle":14,"minecraft:dark_oak_sign":4,"minecraft:polished_andesite":79,"minecraft:mangrove_planks":21,"minecraft:oak_planks":602,"minecraft:polished_diorite_slab":63,"minecraft:smooth_sandstone_slab":1,"minecraft:ender_pearl":308,"minecraft:leather_chestplate":1,"minecraft:redstone_block":12,"minecraft:structure_void":4,"minecraft:spruce_sign":7,"minecraft:diamond_axe":8,"minecraft:leather_boots":14,"minecraft:oak_leaves":100,"minecraft:yellow_terracotta":23,"minecraft:stripped_mangrove_wood":4,"minecraft:sand":103,"minecraft:diamond_block":3,"minecraft:mangrove_trapdoor":3,"minecraft:terracotta":47,"minecraft:netherite_leggings":18,"minecraft:rail":2,"minecraft:stripped_dark_oak_log":22,"minecraft:dark_prismarine_slab":3,"minecraft:netherite_helmet":28,"minecraft:birch_sign":1,"minecraft:light_gray_terracotta":12,"minecraft:lingering_potion":40,"minecraft:yellow_concrete":18,"minecraft:crossbow":254,"minecraft:note_block":12,"minecraft:polar_bear_spawn_egg":35,"minecraft:sponge":1,"minecraft:gray_concrete":1,"minecraft:lightning_rod":3,"minecraft:redstone_torch":19,"minecraft:oak_log":37,"minecraft:sticky_piston":98,"minecraft:mud":11,"minecraft:dark_prismarine":2,"minecraft:lever":29,"minecraft:light":60,"minecraft:black_wool":5,"minecraft:black_concrete":51,"minecraft:firework_rocket":19,"minecraft:mangrove_door":5,"minecraft:command_block":17,"minecraft:heavy_weighted_pressure_plate":1,"minecraft:barrier":214,"minecraft:stone_button":7,"minecraft:netherite_axe":414,"minecraft:stone_slab":4,"minecraft:red_terracotta":5,"minecraft:spruce_trapdoor":4,"minecraft:iron_door":1,"minecraft:gravel":7,"minecraft:lilac":2,"minecraft:golden_helmet":45,"minecraft:green_carpet":1,"minecraft:fishing_rod":17,"minecraft:diamond_sword":205,"minecraft:wooden_sword":32,"minecraft:potion":507,"minecraft:white_banner":69,"minecraft:stripped_oak_wood":1,"minecraft:bucket":61,"minecraft:smooth_stone_slab":98,"minecraft:repeating_command_block":49,"minecraft:white_concrete":1,"minecraft:smooth_stone":52,"minecraft:splash_potion":570,"minecraft:oak_fence":6}},"DataVersion":3463}