{"stats":{"minecraft:mined":{"minecraft:fire":2,"minecraft:lilac":3},"minecraft:dropped":{"minecraft:blackstone":1,"minecraft:lever":2,"minecraft:cobbled_deepslate":16,"minecraft:crafting_table":1,"minecraft:wheat":2,"minecraft:orange_concrete":1,"minecraft:observer":1,"minecraft:grass_block":1,"minecraft:polished_andesite":1,"minecraft:dirt":24,"minecraft:writable_book":1,"minecraft:podzol":1},"minecraft:custom":{"minecraft:mob_kills":64,"minecraft:interact_with_anvil":2,"minecraft:inspect_hopper":5,"minecraft:interact_with_crafting_table":7,"minecraft:leave_game":4,"minecraft:time_since_death":236,"minecraft:time_since_rest":275,"minecraft:damage_absorbed":500,"minecraft:sprint_one_cm":223902,"minecraft:damage_taken":7732,"minecraft:walk_one_cm":616581,"minecraft:drop":52,"minecraft:damage_dealt":15804,"minecraft:fly_one_cm":1918556,"minecraft:player_kills":12,"minecraft:open_chest":2,"minecraft:crouch_one_cm":2721,"minecraft:play_time":336044,"minecraft:deaths":17,"minecraft:sneak_time":6885,"minecraft:walk_under_water_one_cm":128871,"minecraft:interact_with_lectern":1,"minecraft:aviate_one_cm":2129859,"minecraft:jump":584,"minecraft:walk_on_water_one_cm":34038,"minecraft:total_world_time":336044,"minecraft:fall_one_cm":47411,"minecraft:inspect_dispenser":27},"minecraft:crafted":{"minecraft:firework_star":1,"minecraft:firework_rocket":195},"minecraft:killed":{"minecraft:pig":24,"minecraft:endermite":1,"minecraft:bat":2,"minecraft:creeper":11,"minecraft:warden":2,"minecraft:wither_skeleton":24},"minecraft:used":{"minecraft:wheat_seeds":91,"minecraft:trident":3,"minecraft:nether_brick_fence":47,"minecraft:water_bucket":38,"minecraft:netherite_sword":374,"minecraft:writable_book":1,"minecraft:stone_sword":27,"minecraft:glass_bottle":1,"minecraft:orange_concrete":23,"minecraft:flint_and_steel":29,"minecraft:netherite_chestplate":1,"minecraft:elytra":1,"minecraft:birch_planks":2,"minecraft:redstone":94,"minecraft:dispenser":14,"minecraft:polished_andesite":584,"minecraft:blackstone_stairs":11,"minecraft:oak_planks":13,"minecraft:blackstone":650,"minecraft:chest":7,"minecraft:tinted_glass":2,"minecraft:wither_skeleton_spawn_egg":66,"minecraft:stone":1,"minecraft:sculk":32,"minecraft:leather_boots":1,"minecraft:sculk_sensor":8,"minecraft:dirt":113,"minecraft:spyglass":1,"minecraft:anvil":1,"minecraft:comparator":1,"minecraft:netherite_leggings":1,"minecraft:crafting_table":2,"minecraft:tnt":383,"minecraft:hopper":14,"minecraft:netherite_helmet":1,"minecraft:crossbow":43,"minecraft:blackstone_wall":269,"minecraft:sponge":1,"minecraft:lingering_potion":7,"minecraft:creeper_spawn_egg":558,"minecraft:warden_spawn_egg":3,"minecraft:redstone_torch":1,"minecraft:oak_log":1,"minecraft:sticky_piston":10,"minecraft:piston":5,"minecraft:dark_oak_planks":2,"minecraft:lever":23,"minecraft:netherite_shovel":1950,"minecraft:firework_rocket":148,"minecraft:daylight_detector":5,"minecraft:crying_obsidian":122,"minecraft:grass_block":178,"minecraft:polished_andesite_stairs":22,"minecraft:pig_spawn_egg":77,"minecraft:netherite_axe":14,"minecraft:iron_helmet":1,"minecraft:netherite_hoe":117,"minecraft:polished_granite":136,"minecraft:iron_door":1,"minecraft:netherite_boots":1,"minecraft:bamboo":1,"minecraft:blackstone_slab":29,"minecraft:bedrock":1,"minecraft:diamond_sword":4,"minecraft:repeater":15,"minecraft:redstone_lamp":10,"minecraft:bow":30,"minecraft:potion":31,"minecraft:podzol":1048,"minecraft:andesite":6,"minecraft:bucket":10,"minecraft:splash_potion":13,"minecraft:observer":4,"minecraft:sculk_vein":74,"minecraft:sculk_catalyst":11,"minecraft:bone_meal":39},"minecraft:killed_by":{"minecraft:player":15},"minecraft:picked_up":{"minecraft:crafting_table":1,"minecraft:wheat":1,"minecraft:repeater":1,"minecraft:potion":1,"minecraft:gunpowder":114,"minecraft:wither_skeleton_skull":1,"minecraft:dirt":24,"minecraft:orange_concrete":1,"minecraft:podzol":1,"minecraft:bone":30,"minecraft:blackstone":1,"minecraft:wheat_seeds":3,"minecraft:cobbled_deepslate":16,"minecraft:observer":1,"minecraft:bamboo":51,"minecraft:sculk_catalyst":2,"minecraft:gravel":1,"minecraft:porkchop":159,"minecraft:grass_block":1,"minecraft:redstone":13,"minecraft:polished_andesite":1,"minecraft:stone_sword":2,"minecraft:lever":5,"minecraft:writable_book":1,"minecraft:bone_meal":1,"minecraft:coal":8}},"DataVersion":3117}