{"stats":{"minecraft:custom":{"minecraft:time_since_rest":142,"minecraft:damage_absorbed":3072,"minecraft:damage_taken":8188,"minecraft:sprint_one_cm":80938,"minecraft:walk_one_cm":448712,"minecraft:damage_blocked_by_shield":754,"minecraft:damage_dealt":2132,"minecraft:damage_dealt_absorbed":1836,"minecraft:fly_one_cm":152872,"minecraft:player_kills":4,"minecraft:crouch_one_cm":2155,"minecraft:play_time":51858,"minecraft:deaths":9,"minecraft:sneak_time":224,"minecraft:walk_under_water_one_cm":27717,"minecraft:aviate_one_cm":99369,"minecraft:jump":748,"minecraft:leave_game":1,"minecraft:walk_on_water_one_cm":11475,"minecraft:time_since_death":0,"minecraft:total_world_time":51858,"minecraft:climb_one_cm":8717,"minecraft:damage_resisted":3072,"minecraft:fall_one_cm":69695,"minecraft:horse_one_cm":78115},"minecraft:used":{"minecraft:golden_boots":1,"minecraft:wooden_axe":3,"minecraft:trident":11,"minecraft:netherite_sword":12,"minecraft:stone_sword":5,"minecraft:firework_rocket":17,"minecraft:glass_bottle":5,"minecraft:netherite_chestplate":1,"minecraft:netherite_axe":14,"minecraft:elytra":3,"minecraft:shield":8,"minecraft:golden_helmet":2,"minecraft:iron_chestplate":2,"minecraft:netherite_boots":1,"minecraft:diamond_sword":29,"minecraft:fishing_rod":5,"minecraft:spyglass":7,"minecraft:bow":103,"minecraft:potion":56,"minecraft:netherite_leggings":2,"minecraft:crossbow":27,"minecraft:netherite_helmet":1,"minecraft:golden_chestplate":1,"minecraft:lingering_potion":12},"minecraft:killed_by":{"minecraft:player":8},"minecraft:picked_up":{"minecraft:lingering_potion":7,"minecraft:netherite_boots":1,"minecraft:potion":28,"minecraft:chainmail_chestplate":1,"minecraft:spectral_arrow":59,"minecraft:golden_chestplate":1,"minecraft:iron_leggings":1,"minecraft:firework_rocket":127,"minecraft:stone_sword":1,"minecraft:bow":1,"minecraft:diamond_leggings":1,"minecraft:iron_helmet":1,"minecraft:crossbow":1,"minecraft:diamond_helmet":1,"minecraft:iron_boots":1}},"DataVersion":3463}