{"stats":{"minecraft:picked_up":{"minecraft:stick":2,"minecraft:wheat_seeds":37,"minecraft:jungle_sapling":3,"minecraft:oak_sapling":7},"minecraft:used":{"minecraft:dirt":708,"minecraft:orange_concrete":85,"minecraft:grass_block":882,"minecraft:stone":8,"minecraft:blue_concrete":35},"minecraft:custom":{"minecraft:time_since_rest":32013,"minecraft:crouch_one_cm":4680,"minecraft:sprint_one_cm":43723,"minecraft:play_time":36442,"minecraft:walk_one_cm":23194,"minecraft:damage_taken":260,"minecraft:deaths":1,"minecraft:sneak_time":3052,"minecraft:jump":225,"minecraft:damage_dealt":34,"minecraft:leave_game":2,"minecraft:walk_on_water_one_cm":452,"minecraft:time_since_death":31717,"minecraft:total_world_time":36442,"minecraft:climb_one_cm":936,"minecraft:fall_one_cm":7870,"minecraft:fly_one_cm":299269}},"DataVersion":3117}