{"stats":{"minecraft:picked_up":{"minecraft:lingering_potion":51,"minecraft:fishing_rod":3,"minecraft:netherite_boots":25,"minecraft:iron_chestplate":1,"minecraft:leather_chestplate":2,"minecraft:splash_potion":13,"minecraft:anvil":1,"minecraft:leather_leggings":2,"minecraft:leather":2,"minecraft:diamond_sword":1,"minecraft:potion":111,"minecraft:birch_button":1,"minecraft:jungle_button":1,"minecraft:netherite_leggings":16,"minecraft:bow":1,"minecraft:netherite_sword":4,"minecraft:player_head":2,"minecraft:redstone_torch":3,"minecraft:pufferfish_bucket":1,"minecraft:cooked_chicken":20,"minecraft:netherite_axe":8,"minecraft:diamond_helmet":1,"minecraft:glass_bottle":20,"minecraft:birch_sapling":5,"minecraft:tipped_arrow":951,"minecraft:stick":7,"minecraft:glow_item_frame":1,"minecraft:trident":19,"minecraft:spectral_arrow":1,"minecraft:leather_helmet":2,"minecraft:firework_rocket":64,"minecraft:arrow":2,"minecraft:diamond_chestplate":1,"minecraft:netherite_helmet":21,"minecraft:peony":2,"minecraft:lever":1,"minecraft:crossbow":2,"minecraft:saddle":4,"minecraft:netherite_chestplate":23,"minecraft:oak_sapling":10,"minecraft:ender_pearl":112},"minecraft:mined":{"minecraft:peony":2},"minecraft:killed":{"minecraft:horse":4},"minecraft:custom":{"minecraft:mob_kills":4,"minecraft:interact_with_anvil":2,"minecraft:open_barrel":1,"minecraft:leave_game":20,"minecraft:time_since_death":3334,"minecraft:sleep_in_bed":4,"minecraft:climb_one_cm":40792,"minecraft:damage_resisted":102992,"minecraft:time_since_rest":3369,"minecraft:damage_absorbed":17067,"minecraft:sprint_one_cm":3545974,"minecraft:open_enderchest":1,"minecraft:damage_taken":96580,"minecraft:walk_one_cm":1136855,"minecraft:damage_blocked_by_shield":5089,"minecraft:drop":187,"minecraft:damage_dealt":32123,"minecraft:damage_dealt_absorbed":4264,"minecraft:swim_one_cm":93552,"minecraft:fly_one_cm":6031474,"minecraft:player_kills":159,"minecraft:open_chest":1,"minecraft:crouch_one_cm":28007,"minecraft:play_time":743828,"minecraft:deaths":204,"minecraft:sneak_time":15406,"minecraft:walk_under_water_one_cm":41033,"minecraft:aviate_one_cm":1595062,"minecraft:jump":15756,"minecraft:walk_on_water_one_cm":109975,"minecraft:total_world_time":743828,"minecraft:fall_one_cm":1188615,"minecraft:horse_one_cm":375484},"minecraft:killed_by":{"minecraft:player":183},"minecraft:dropped":{"minecraft:player_head":2,"minecraft:cooked_chicken":20,"minecraft:glass_bottle":3,"minecraft:netherite_sword":2,"minecraft:netherite_chestplate":25,"minecraft:netherite_helmet":24,"minecraft:netherite_axe":10,"minecraft:netherite_leggings":19,"minecraft:diamond_sword":1,"minecraft:tipped_arrow":4,"minecraft:trident":21,"minecraft:lingering_potion":6,"minecraft:netherite_boots":26,"minecraft:chainmail_boots":1,"minecraft:pufferfish_bucket":1,"minecraft:potion":27,"minecraft:arrow":1,"minecraft:fishing_rod":8,"minecraft:firework_rocket":320},"minecraft:used":{"minecraft:golden_boots":2,"minecraft:peony":2,"minecraft:wheat_seeds":1,"minecraft:trident":175,"minecraft:netherite_sword":48,"minecraft:stone_sword":27,"minecraft:flint_and_steel":36,"minecraft:netherite_chestplate":2,"minecraft:red_concrete":37,"minecraft:glass_bottle":18,"minecraft:dark_oak_sign":2,"minecraft:redstone":42,"minecraft:oak_planks":183,"minecraft:ender_pearl":76,"minecraft:shield":61,"minecraft:stone":11,"minecraft:iron_sword":11,"minecraft:redstone_block":6,"minecraft:white_dye":1,"minecraft:glow_ink_sac":1,"minecraft:diamond_axe":8,"minecraft:red_glazed_terracotta":15,"minecraft:leather_boots":1,"minecraft:dirt":1,"minecraft:spyglass":19,"minecraft:anvil":2,"minecraft:netherite_leggings":2,"minecraft:dark_prismarine_slab":57,"minecraft:camel_spawn_egg":1,"minecraft:netherite_helmet":2,"minecraft:spruce_stairs":33,"minecraft:lingering_potion":213,"minecraft:yellow_concrete":52,"minecraft:crossbow":495,"minecraft:chiseled_quartz_block":103,"minecraft:ochre_froglight":4,"minecraft:gray_concrete":62,"minecraft:allay_spawn_egg":1,"minecraft:light_blue_stained_glass":10,"minecraft:stripped_spruce_log":63,"minecraft:lightning_rod":3,"minecraft:redstone_torch":3,"minecraft:wooden_axe":9,"minecraft:sticky_piston":1,"minecraft:lever":9,"minecraft:dark_prismarine":77,"minecraft:firework_rocket":17,"minecraft:command_block":4,"minecraft:grass_block":1,"minecraft:stone_button":1,"minecraft:netherite_axe":166,"minecraft:iron_helmet":1,"minecraft:netherite_hoe":1,"minecraft:spruce_trapdoor":74,"minecraft:fishing_rod":18,"minecraft:golden_helmet":3,"minecraft:red_carpet":32,"minecraft:netherite_boots":2,"minecraft:birch_button":1,"minecraft:repeater":18,"minecraft:wooden_sword":15,"minecraft:diamond_sword":252,"minecraft:bow":728,"minecraft:potion":404,"minecraft:jungle_button":1,"minecraft:stripped_oak_wood":62,"minecraft:observer":2,"minecraft:dark_prismarine_stairs":40,"minecraft:splash_potion":106}},"DataVersion":3463}