{"stats":{"minecraft:broken":{"minecraft:wooden_sword":1},"minecraft:used":{"minecraft:golden_boots":1,"minecraft:netherite_sword":116,"minecraft:trident":80,"minecraft:stone_sword":4,"minecraft:netherite_chestplate":1,"minecraft:netherite_axe":168,"minecraft:ender_pearl":22,"minecraft:shield":19,"minecraft:iron_sword":11,"minecraft:golden_sword":2,"minecraft:golden_helmet":1,"minecraft:diamond_sword":116,"minecraft:fishing_rod":20,"minecraft:wooden_sword":243,"minecraft:spyglass":45,"minecraft:bow":652,"minecraft:potion":52,"minecraft:chainmail_chestplate":1,"minecraft:crossbow":161,"minecraft:lingering_potion":35},"minecraft:dropped":{"minecraft:golden_boots":1,"minecraft:tipped_arrow":571,"minecraft:player_head":1,"minecraft:golden_helmet":2,"minecraft:ender_pearl":51,"minecraft:glass_bottle":65,"minecraft:lingering_potion":23,"minecraft:netherite_chestplate":1,"minecraft:netherite_sword":2,"minecraft:crossbow":1,"minecraft:diamond_leggings":1,"minecraft:netherite_axe":1,"minecraft:netherite_boots":2,"minecraft:diamond_helmet":1,"minecraft:potion":22,"minecraft:wooden_sword":2,"minecraft:leather":12,"minecraft:painting":1,"minecraft:spectral_arrow":86,"minecraft:arrow":13,"minecraft:saddle":8,"minecraft:chainmail_chestplate":3,"minecraft:firework_rocket":128},"minecraft:killed":{"minecraft:horse":17,"minecraft:pig":1,"minecraft:cow":1},"minecraft:custom":{"minecraft:time_since_rest":4174,"minecraft:sprint_one_cm":1426430,"minecraft:damage_absorbed":3873,"minecraft:damage_taken":46985,"minecraft:walk_one_cm":1510244,"minecraft:damage_blocked_by_shield":1675,"minecraft:mob_kills":26,"minecraft:drop":199,"minecraft:damage_dealt":37790,"minecraft:damage_dealt_absorbed":370,"minecraft:fly_one_cm":673608,"minecraft:player_kills":143,"minecraft:bell_ring":3,"minecraft:crouch_one_cm":25126,"minecraft:play_time":260286,"minecraft:deaths":143,"minecraft:sneak_time":8544,"minecraft:walk_under_water_one_cm":2069,"minecraft:jump":2927,"minecraft:interact_with_blast_furnace":1,"minecraft:leave_game":5,"minecraft:walk_on_water_one_cm":23502,"minecraft:time_since_death":4147,"minecraft:interact_with_smoker":1,"minecraft:climb_one_cm":5967,"minecraft:total_world_time":260286,"minecraft:damage_resisted":16133,"minecraft:fall_one_cm":150658,"minecraft:horse_one_cm":790174},"minecraft:picked_up":{"minecraft:tipped_arrow":100,"minecraft:leather":36,"minecraft:potion":3,"minecraft:porkchop":1,"minecraft:chainmail_chestplate":1,"minecraft:trident":1,"minecraft:spectral_arrow":70,"minecraft:wooden_sword":2,"minecraft:arrow":5,"minecraft:stone_pickaxe":1,"minecraft:painting":1,"minecraft:saddle":31,"minecraft:netherite_axe":1,"minecraft:netherite_chestplate":1,"minecraft:glass_bottle":35},"minecraft:killed_by":{"minecraft:player":117,"minecraft:enderman":1}},"DataVersion":3463}