{"stats":{"minecraft:killed_by":{"minecraft:player":8},"minecraft:picked_up":{"minecraft:lingering_potion":13,"minecraft:netherite_boots":1,"minecraft:leather_leggings":1,"minecraft:potion":28,"minecraft:chainmail_chestplate":1,"minecraft:diamond_leggings":1,"minecraft:netherite_sword":1,"minecraft:glass_bottle":8,"minecraft:diamond_helmet":1,"minecraft:ender_pearl":116},"minecraft:dropped":{"minecraft:glass_bottle":11,"minecraft:ender_pearl":16},"minecraft:custom":{"minecraft:time_since_rest":123,"minecraft:walk_one_cm":82702,"minecraft:sprint_one_cm":141429,"minecraft:damage_taken":5624,"minecraft:damage_absorbed":1221,"minecraft:damage_blocked_by_shield":488,"minecraft:drop":12,"minecraft:damage_dealt":1960,"minecraft:damage_dealt_absorbed":210,"minecraft:swim_one_cm":12216,"minecraft:fly_one_cm":241788,"minecraft:player_kills":10,"minecraft:crouch_one_cm":672,"minecraft:play_time":34556,"minecraft:deaths":9,"minecraft:sneak_time":516,"minecraft:walk_under_water_one_cm":3762,"minecraft:aviate_one_cm":42940,"minecraft:jump":975,"minecraft:leave_game":1,"minecraft:time_since_death":92,"minecraft:walk_on_water_one_cm":4399,"minecraft:total_world_time":34556,"minecraft:climb_one_cm":331,"minecraft:damage_resisted":8899,"minecraft:fall_one_cm":39544},"minecraft:used":{"minecraft:golden_boots":1,"minecraft:wooden_axe":1,"minecraft:netherite_sword":15,"minecraft:trident":9,"minecraft:stone_sword":4,"minecraft:firework_rocket":6,"minecraft:glass_bottle":5,"minecraft:netherite_chestplate":8,"minecraft:elytra":7,"minecraft:netherite_axe":11,"minecraft:ender_pearl":5,"minecraft:shield":6,"minecraft:iron_sword":22,"minecraft:leather_boots":1,"minecraft:golden_helmet":2,"minecraft:netherite_boots":1,"minecraft:diamond_sword":18,"minecraft:fishing_rod":7,"minecraft:wooden_sword":4,"minecraft:spyglass":5,"minecraft:bow":25,"minecraft:potion":25,"minecraft:netherite_leggings":2,"minecraft:crossbow":27,"minecraft:netherite_helmet":1,"minecraft:lingering_potion":11}},"DataVersion":3463}