{"stats":{"minecraft:dropped":{"minecraft:potion":1},"minecraft:used":{"minecraft:netherite_sword":2,"minecraft:firework_rocket":3,"minecraft:elytra":1,"minecraft:iron_sword":10,"minecraft:leather_boots":1,"minecraft:golden_helmet":1,"minecraft:iron_chestplate":1,"minecraft:diamond_sword":2,"minecraft:spyglass":3,"minecraft:potion":20,"minecraft:bow":44,"minecraft:netherite_leggings":1,"minecraft:crossbow":41,"minecraft:lingering_potion":2},"minecraft:picked_up":{"minecraft:lingering_potion":12,"minecraft:tipped_arrow":236,"minecraft:iron_chestplate":1,"minecraft:potion":29,"minecraft:iron_leggings":1,"minecraft:iron_helmet":1,"minecraft:crossbow":1,"minecraft:diamond_helmet":1,"minecraft:netherite_chestplate":1,"minecraft:iron_sword":1,"minecraft:iron_boots":1},"minecraft:killed_by":{"minecraft:player":9},"minecraft:custom":{"minecraft:time_since_rest":555,"minecraft:damage_absorbed":973,"minecraft:sprint_one_cm":226160,"minecraft:damage_taken":4544,"minecraft:walk_one_cm":179373,"minecraft:mob_kills":1,"minecraft:drop":1,"minecraft:damage_dealt":326,"minecraft:damage_dealt_absorbed":954,"minecraft:fly_one_cm":29441,"minecraft:player_kills":3,"minecraft:crouch_one_cm":3298,"minecraft:play_time":39034,"minecraft:deaths":9,"minecraft:sneak_time":1161,"minecraft:aviate_one_cm":214967,"minecraft:jump":136,"minecraft:leave_game":1,"minecraft:walk_on_water_one_cm":6379,"minecraft:time_since_death":456,"minecraft:total_world_time":39034,"minecraft:climb_one_cm":1864,"minecraft:damage_resisted":5257,"minecraft:fall_one_cm":11935},"minecraft:killed":{"minecraft:horse":1}},"DataVersion":3463}