{"stats":{"minecraft:picked_up":{"minecraft:lingering_potion":2,"minecraft:netherite_boots":1,"minecraft:feather":8,"minecraft:chicken":1,"minecraft:glow_item_frame":1,"minecraft:leather_leggings":1,"minecraft:lead":1,"minecraft:spyglass":1,"minecraft:potion":45,"minecraft:paper":2,"minecraft:spectral_arrow":116,"minecraft:leather_helmet":1,"minecraft:stone_sword":2,"minecraft:diamond_chestplate":1,"minecraft:writable_book":2,"minecraft:cooked_chicken":12,"minecraft:netherite_axe":2,"minecraft:jungle_sapling":3,"minecraft:netherite_chestplate":1,"minecraft:glass_bottle":12,"minecraft:diamond_helmet":1,"minecraft:mangrove_propagule":1,"minecraft:ender_pearl":100},"minecraft:dropped":{"minecraft:tipped_arrow":2,"minecraft:cooked_chicken":12,"minecraft:stone_sword":2,"minecraft:glass_bottle":26,"minecraft:lingering_potion":1,"minecraft:netherite_axe":2,"minecraft:chicken":1,"minecraft:potion":3,"minecraft:lead":66,"minecraft:jungle_sapling":2,"minecraft:glow_item_frame":1,"minecraft:writable_book":1,"minecraft:paper":1},"minecraft:used":{"minecraft:netherite_sword":11,"minecraft:trident":3,"minecraft:writable_book":3,"minecraft:firework_rocket":4,"minecraft:stone_sword":106,"minecraft:netherite_axe":3,"minecraft:chicken_spawn_egg":64,"minecraft:iron_sword":4,"minecraft:diamond_axe":2,"minecraft:wooden_sword":23,"minecraft:diamond_sword":52,"minecraft:potion":34,"minecraft:bow":8,"minecraft:crossbow":19,"minecraft:lingering_potion":4,"minecraft:splash_potion":9},"minecraft:killed":{"minecraft:chicken":6,"minecraft:endermite":1},"minecraft:custom":{"minecraft:time_since_rest":27783,"minecraft:sprint_one_cm":165016,"minecraft:damage_absorbed":1377,"minecraft:damage_taken":18433,"minecraft:walk_one_cm":769395,"minecraft:mob_kills":7,"minecraft:drop":55,"minecraft:damage_dealt":4342,"minecraft:fly_one_cm":71951,"minecraft:player_kills":5,"minecraft:open_barrel":1,"minecraft:open_chest":1,"minecraft:crouch_one_cm":1710,"minecraft:play_time":170408,"minecraft:deaths":57,"minecraft:sneak_time":3229,"minecraft:walk_under_water_one_cm":1372,"minecraft:aviate_one_cm":6713,"minecraft:jump":649,"minecraft:leave_game":6,"minecraft:time_since_death":26871,"minecraft:walk_on_water_one_cm":31120,"minecraft:climb_one_cm":1453,"minecraft:total_world_time":170408,"minecraft:damage_resisted":158,"minecraft:fall_one_cm":15527,"minecraft:horse_one_cm":6627},"minecraft:killed_by":{"minecraft:player":51,"minecraft:wither_skeleton":5}},"DataVersion":3117}