{"stats":{"minecraft:picked_up":{"minecraft:lingering_potion":12,"minecraft:fishing_rod":1,"minecraft:potion":11,"minecraft:spectral_arrow":3,"minecraft:golden_chestplate":1,"minecraft:iron_leggings":1,"minecraft:arrow":2,"minecraft:bone":3,"minecraft:firework_rocket":68,"minecraft:netherite_sword":1,"minecraft:netherite_axe":1,"minecraft:glass_bottle":1,"minecraft:iron_boots":1},"minecraft:dropped":{"minecraft:glass_bottle":11,"minecraft:lingering_potion":18,"minecraft:netherite_sword":1,"minecraft:netherite_axe":1,"minecraft:crossbow":1,"minecraft:potion":2,"minecraft:iron_leggings":1,"minecraft:iron_boots":1,"minecraft:fishing_rod":2,"minecraft:firework_rocket":256},"minecraft:used":{"minecraft:netherite_sword":26,"minecraft:stone_sword":8,"minecraft:glass_bottle":1,"minecraft:ender_pearl":4,"minecraft:diamond_axe":1,"minecraft:diamond_sword":12,"minecraft:spyglass":13,"minecraft:potion":45,"minecraft:bow":22,"minecraft:crossbow":157,"minecraft:lingering_potion":2,"minecraft:splash_potion":4},"minecraft:killed":{"minecraft:skeleton":1,"minecraft:zombie":1},"minecraft:custom":{"minecraft:time_since_rest":525,"minecraft:damage_absorbed":991,"minecraft:sprint_one_cm":243021,"minecraft:damage_taken":7105,"minecraft:walk_one_cm":676965,"minecraft:mob_kills":3,"minecraft:drop":41,"minecraft:damage_dealt":1669,"minecraft:swim_one_cm":65888,"minecraft:fly_one_cm":80869,"minecraft:player_kills":11,"minecraft:open_chest":2,"minecraft:crouch_one_cm":36793,"minecraft:play_time":80532,"minecraft:deaths":15,"minecraft:sneak_time":6021,"minecraft:bell_ring":11,"minecraft:walk_under_water_one_cm":3897,"minecraft:jump":484,"minecraft:leave_game":1,"minecraft:walk_on_water_one_cm":10215,"minecraft:time_since_death":468,"minecraft:total_world_time":80532,"minecraft:climb_one_cm":2599,"minecraft:damage_resisted":190,"minecraft:fall_one_cm":27987},"minecraft:killed_by":{"minecraft:player":13,"minecraft:zombie":1}},"DataVersion":3117}