{"stats":{"minecraft:mined":{"minecraft:peony":1},"minecraft:dropped":{"minecraft:tipped_arrow":2},"minecraft:custom":{"minecraft:time_since_rest":2845,"minecraft:walk_one_cm":664780,"minecraft:damage_absorbed":2078,"minecraft:sprint_one_cm":199281,"minecraft:damage_taken":10908,"minecraft:mob_kills":1,"minecraft:drop":2,"minecraft:damage_dealt":3343,"minecraft:swim_one_cm":16352,"minecraft:fly_one_cm":324103,"minecraft:player_kills":15,"minecraft:crouch_one_cm":8322,"minecraft:play_time":86331,"minecraft:deaths":26,"minecraft:sneak_time":2137,"minecraft:walk_under_water_one_cm":18218,"minecraft:jump":643,"minecraft:leave_game":2,"minecraft:walk_on_water_one_cm":6642,"minecraft:time_since_death":2797,"minecraft:total_world_time":86331,"minecraft:climb_one_cm":1224,"minecraft:fall_one_cm":75735},"minecraft:killed":{"minecraft:endermite":1},"minecraft:used":{"minecraft:trident":15,"minecraft:netherite_sword":6,"minecraft:firework_rocket":9,"minecraft:netherite_chestplate":1,"minecraft:netherite_axe":9,"minecraft:ender_pearl":4,"minecraft:iron_sword":58,"minecraft:leather_boots":2,"minecraft:fishing_rod":7,"minecraft:spyglass":15,"minecraft:bow":275,"minecraft:potion":45,"minecraft:crossbow":22,"minecraft:lingering_potion":5,"minecraft:splash_potion":6},"minecraft:killed_by":{"minecraft:player":24,"minecraft:drowned":1},"minecraft:picked_up":{"minecraft:potion":4,"minecraft:spectral_arrow":3,"minecraft:leather_boots":1,"minecraft:bow":1,"minecraft:peony":2,"minecraft:glass_bottle":1}},"DataVersion":3117}