{"stats":{"minecraft:picked_up":{"minecraft:fishing_rod":1,"minecraft:lingering_potion":28,"minecraft:tipped_arrow":472,"minecraft:netherite_boots":3,"minecraft:iron_chestplate":1,"minecraft:potion":18,"minecraft:lily_pad":1,"minecraft:trident":2,"minecraft:netherite_leggings":2,"minecraft:leather_helmet":1,"minecraft:bow":1,"minecraft:netherite_helmet":2,"minecraft:netherite_sword":1,"minecraft:crossbow":1,"minecraft:netherite_axe":1,"minecraft:netherite_chestplate":1,"minecraft:ender_pearl":80},"minecraft:dropped":{"minecraft:trident":1,"minecraft:lingering_potion":1,"minecraft:netherite_chestplate":1,"minecraft:netherite_boots":1,"minecraft:netherite_helmet":1,"minecraft:bow":1,"minecraft:netherite_leggings":1},"minecraft:used":{"minecraft:netherite_sword":2,"minecraft:trident":5,"minecraft:stone_sword":16,"minecraft:glass_bottle":2,"minecraft:netherite_axe":2,"minecraft:ender_pearl":4,"minecraft:fishing_rod":1,"minecraft:diamond_sword":99,"minecraft:wooden_sword":7,"minecraft:spyglass":3,"minecraft:potion":81,"minecraft:bow":51,"minecraft:crossbow":78,"minecraft:lingering_potion":3,"minecraft:splash_potion":7},"minecraft:mined":{"minecraft:lily_pad":1},"minecraft:custom":{"minecraft:time_since_rest":108,"minecraft:sprint_one_cm":414956,"minecraft:walk_one_cm":168552,"minecraft:damage_taken":12863,"minecraft:damage_absorbed":1779,"minecraft:drop":7,"minecraft:damage_dealt":1553,"minecraft:swim_one_cm":2941,"minecraft:fly_one_cm":312566,"minecraft:player_kills":6,"minecraft:crouch_one_cm":13068,"minecraft:play_time":65430,"minecraft:deaths":17,"minecraft:sneak_time":5602,"minecraft:walk_under_water_one_cm":419,"minecraft:aviate_one_cm":432354,"minecraft:jump":882,"minecraft:leave_game":4,"minecraft:walk_on_water_one_cm":15749,"minecraft:time_since_death":76,"minecraft:climb_one_cm":1882,"minecraft:total_world_time":65430,"minecraft:damage_resisted":733,"minecraft:fall_one_cm":126220},"minecraft:killed_by":{"minecraft:player":17}},"DataVersion":3117}