{"stats":{"minecraft:picked_up":{"minecraft:leather":1,"minecraft:crossbow":1,"minecraft:stone_pickaxe":1,"minecraft:glass_bottle":1,"minecraft:glow_berries":1},"minecraft:custom":{"minecraft:time_since_rest":39007,"minecraft:crouch_one_cm":256,"minecraft:damage_taken":1270,"minecraft:play_time":70841,"minecraft:sprint_one_cm":16664,"minecraft:damage_absorbed":20,"minecraft:deaths":3,"minecraft:walk_one_cm":102746,"minecraft:sneak_time":1499,"minecraft:walk_under_water_one_cm":46595,"minecraft:mob_kills":1,"minecraft:drop":4,"minecraft:aviate_one_cm":202526,"minecraft:jump":207,"minecraft:damage_dealt":526,"minecraft:leave_game":4,"minecraft:walk_on_water_one_cm":18003,"minecraft:time_since_death":38822,"minecraft:climb_one_cm":734,"minecraft:total_world_time":70841,"minecraft:swim_one_cm":12654,"minecraft:fall_one_cm":14337,"minecraft:fly_one_cm":151883,"minecraft:horse_one_cm":104720},"minecraft:used":{"minecraft:iron_bars":1,"minecraft:cyan_terracotta":7,"minecraft:wooden_sword":1,"minecraft:firework_rocket":6,"minecraft:potion":8,"minecraft:crossbow":1,"minecraft:gray_concrete":1},"minecraft:dropped":{"minecraft:glass_bottle":1,"minecraft:crossbow":1,"minecraft:firework_rocket":2},"minecraft:killed_by":{"minecraft:player":3}},"DataVersion":3463}