{"stats":{"minecraft:picked_up":{"minecraft:wooden_axe":1,"minecraft:iron_chestplate":11,"minecraft:wheat":22,"minecraft:chainmail_boots":1,"minecraft:lead":2,"minecraft:diamond_sword":7,"minecraft:oak_stairs":1,"minecraft:wither_rose":1,"minecraft:potion":703,"minecraft:birch_button":5,"minecraft:iron_leggings":2,"minecraft:sticky_piston":1,"minecraft:oak_sign":11,"minecraft:diamond_leggings":1,"minecraft:red_sand":8,"minecraft:redstone_torch":76,"minecraft:dark_oak_door":6,"minecraft:crimson_sign":5,"minecraft:iron_boots":2,"minecraft:tipped_arrow":619,"minecraft:golden_helmet":4,"minecraft:stick":28,"minecraft:big_dripleaf":12,"minecraft:torch":10,"minecraft:porkchop":10,"minecraft:golden_chestplate":1,"minecraft:zombie_spawn_egg":2,"minecraft:stone_sword":2,"minecraft:command_block":120,"minecraft:rotten_flesh":126,"minecraft:end_rod":5,"minecraft:netherite_chestplate":15,"minecraft:cod":1,"minecraft:feather":5,"minecraft:lilac":11,"minecraft:repeater":18,"minecraft:iron_door":3,"minecraft:warped_fungus_on_a_stick":1,"minecraft:potato":1,"minecraft:netherite_leggings":3,"minecraft:dirt":1,"minecraft:lantern":1,"minecraft:leather_boots":2,"minecraft:bone":79,"minecraft:bow":32,"minecraft:wheat_seeds":108,"minecraft:light_blue_dye":1,"minecraft:netherite_axe":5,"minecraft:diamond_helmet":12,"minecraft:bamboo":55,"minecraft:powered_rail":10,"minecraft:lime_terracotta":1,"minecraft:sand":24,"minecraft:ink_sac":3,"minecraft:spectral_arrow":1137,"minecraft:polished_andesite":1,"minecraft:dispenser":55,"minecraft:netherite_helmet":4,"minecraft:writable_book":1,"minecraft:lever":2,"minecraft:polished_blackstone_button":1,"minecraft:crossbow":9,"minecraft:spruce_button":5,"minecraft:oak_sapling":36,"minecraft:mangrove_button":2,"minecraft:lingering_potion":152,"minecraft:fishing_rod":31,"minecraft:splash_potion":52,"minecraft:leather_leggings":6,"minecraft:redstone_lamp":1,"minecraft:acacia_button":1,"minecraft:shield":1,"minecraft:elytra":1,"minecraft:moss_carpet":5,"minecraft:wooden_sword":3,"minecraft:item_frame":4,"minecraft:white_carpet":3,"minecraft:iron_shovel":1,"minecraft:glass_pane":1,"minecraft:detector_rail":1,"minecraft:netherite_sword":4,"minecraft:birch_sapling":14,"minecraft:egg":16,"minecraft:oak_door":3,"minecraft:glow_item_frame":2,"minecraft:stone_button":16,"minecraft:trident":6,"minecraft:redstone":236,"minecraft:stone_pressure_plate":1,"minecraft:dark_oak_planks":6,"minecraft:arrow":743,"minecraft:repeating_command_block":2,"minecraft:diamond_chestplate":8,"minecraft:peony":7,"minecraft:diamond_boots":1,"minecraft:pink_tulip":1,"minecraft:saddle":75,"minecraft:mutton":2,"minecraft:glow_berries":3,"minecraft:rail":31,"minecraft:white_wool":2,"minecraft:netherite_boots":6,"minecraft:tripwire_hook":1,"minecraft:salmon":1,"minecraft:leather":60,"minecraft:filled_map":2,"minecraft:birch_planks":32,"minecraft:packed_mud":1,"minecraft:chainmail_chestplate":1,"minecraft:jungle_button":2,"minecraft:gunpowder":2,"minecraft:red_carpet":1,"minecraft:apple":6,"minecraft:iron_ingot":2,"minecraft:stone_pickaxe":6,"minecraft:cooked_chicken":193,"minecraft:glass_bottle":289,"minecraft:iron_sword":1,"minecraft:flowering_azalea":3,"minecraft:sculk_catalyst":2,"minecraft:scaffolding":2,"minecraft:spyglass":5,"minecraft:amethyst_shard":4,"minecraft:soul_torch":1,"minecraft:waxed_exposed_cut_copper_stairs":64,"minecraft:leather_helmet":3,"minecraft:firework_rocket":380,"minecraft:slime_ball":3,"minecraft:iron_helmet":7,"minecraft:painting":3,"minecraft:birch_sign":12,"minecraft:dark_oak_hanging_sign":1,"minecraft:oak_button":5,"minecraft:ender_pearl":276},"minecraft:broken":{"minecraft:leather_helmet":3,"minecraft:shield":1},"minecraft:mined":{"minecraft:dark_oak_planks":1,"minecraft:grass_block":1,"minecraft:fire":18,"minecraft:pink_tulip":1,"minecraft:azalea":1,"minecraft:blue_stained_glass":1,"minecraft:powder_snow":2,"minecraft:dead_bush":1,"minecraft:lilac":16,"minecraft:grass":4,"minecraft:sand":2,"minecraft:dispenser":14,"minecraft:oak_leaves":4,"minecraft:large_fern":1,"minecraft:packed_mud":1,"minecraft:peony":10,"minecraft:redstone_wall_torch":1,"minecraft:flowering_azalea":5,"minecraft:redstone_torch":1,"minecraft:end_rod":5},"minecraft:killed":{"minecraft:zombified_piglin":7,"minecraft:witch":1,"minecraft:spider":1,"minecraft:cod":2,"minecraft:skeleton":31,"minecraft:chicken":5,"minecraft:axolotl":1,"minecraft:turtle":3,"minecraft:wolf":1,"minecraft:piglin":1,"minecraft:pig":4,"minecraft:zombie_villager":2,"minecraft:creeper":2,"minecraft:trader_llama":2,"minecraft:goat":1,"minecraft:pillager":2,"minecraft:zombie":47,"minecraft:mooshroom":1,"minecraft:ghast":1,"minecraft:blaze":3,"minecraft:cow":1,"minecraft:giant":1,"minecraft:vindicator":1,"minecraft:endermite":20,"minecraft:slime":1,"minecraft:zoglin":2,"minecraft:horse":51,"minecraft:warden":1,"minecraft:frog":59,"minecraft:wandering_trader":2,"minecraft:wither_skeleton":1,"minecraft:enderman":1},"minecraft:custom":{"minecraft:animals_bred":1,"minecraft:interact_with_crafting_table":2,"minecraft:open_barrel":18,"minecraft:bell_ring":135,"minecraft:eat_cake_slice":22,"minecraft:leave_game":219,"minecraft:time_since_death":7956,"minecraft:damage_resisted":287427,"minecraft:sprint_one_cm":23651776,"minecraft:damage_blocked_by_shield":26235,"minecraft:drop":309,"minecraft:talked_to_villager":1,"minecraft:play_time":10341091,"minecraft:deaths":1468,"minecraft:jump":126244,"minecraft:walk_on_water_one_cm":1002149,"minecraft:sleep_in_bed":6,"minecraft:open_enderchest":72,"minecraft:damage_dealt":161982,"minecraft:interact_with_beacon":1,"minecraft:player_kills":937,"minecraft:crouch_one_cm":174573,"minecraft:use_cauldron":1,"minecraft:inspect_dispenser":40,"minecraft:horse_one_cm":1530518,"minecraft:interact_with_smithing_table":3,"minecraft:interact_with_anvil":1,"minecraft:mob_kills":295,"minecraft:inspect_hopper":36,"minecraft:fill_cauldron":7,"minecraft:damage_dealt_resisted":66,"minecraft:climb_one_cm":224403,"minecraft:walk_one_cm":20557576,"minecraft:damage_dealt_absorbed":23861,"minecraft:sneak_time":142835,"minecraft:walk_under_water_one_cm":679626,"minecraft:interact_with_lectern":2,"minecraft:interact_with_blast_furnace":4,"minecraft:total_world_time":10341091,"minecraft:time_since_rest":7980,"minecraft:damage_absorbed":128020,"minecraft:damage_taken":806462,"minecraft:minecart_one_cm":6878,"minecraft:swim_one_cm":536720,"minecraft:fly_one_cm":60502088,"minecraft:open_chest":28,"minecraft:aviate_one_cm":6260685,"minecraft:fish_caught":1,"minecraft:fall_one_cm":5250007},"minecraft:killed_by":{"minecraft:creeper":1,"minecraft:ravager":4,"minecraft:zombie":4,"minecraft:endermite":1,"minecraft:player":1354,"minecraft:enderman":1,"minecraft:iron_golem":1,"minecraft:warden":4,"minecraft:skeleton":7,"minecraft:wither":3},"minecraft:dropped":{"minecraft:waxed_exposed_cut_copper_stairs":128,"minecraft:glass_bottle":81,"minecraft:crossbow":3,"minecraft:warped_fungus_on_a_stick":1,"minecraft:leather":4,"minecraft:saddle":5,"minecraft:item_frame":1,"minecraft:packed_mud":1,"minecraft:stone_button":2,"minecraft:dispenser":32,"minecraft:wooden_sword":1,"minecraft:bone_meal":1,"minecraft:netherite_sword":2,"minecraft:birch_sapling":1,"minecraft:rotten_flesh":4,"minecraft:tipped_arrow":219,"minecraft:mossy_stone_brick_wall":1,"minecraft:lingering_potion":16,"minecraft:leather_boots":1,"minecraft:arrow":14,"minecraft:splash_potion":1,"minecraft:egg":1,"minecraft:iron_ingot":1,"minecraft:wheat_seeds":5,"minecraft:golden_helmet":1,"minecraft:lilac":3,"minecraft:netherite_axe":2,"minecraft:spectral_arrow":188,"minecraft:apple":4,"minecraft:command_block":4,"minecraft:stick":2,"minecraft:polished_andesite":1,"minecraft:ink_sac":3,"minecraft:repeater":3,"minecraft:wooden_axe":1,"minecraft:iron_door":1,"minecraft:potion":42,"minecraft:oak_stairs":1,"minecraft:redstone":1,"minecraft:zombie_spawn_egg":2,"minecraft:glass_pane":2,"minecraft:diamond_sword":2,"minecraft:light_blue_dye":2,"minecraft:big_dripleaf":1,"minecraft:iron_chestplate":2,"minecraft:oak_sapling":12,"minecraft:redstone_torch":1,"minecraft:birch_sign":1,"minecraft:diamond_boots":1,"minecraft:bow":3,"minecraft:stone_pickaxe":10},"minecraft:used":{"minecraft:peony":1,"minecraft:moss_block":115,"minecraft:light_blue_banner":1,"minecraft:nether_brick_fence":14,"minecraft:moss_carpet":59,"minecraft:writable_book":2,"minecraft:red_sand":1518,"minecraft:polished_deepslate":96,"minecraft:chiseled_deepslate":14,"minecraft:light_gray_stained_glass_pane":5,"minecraft:smooth_quartz_slab":8,"minecraft:dispenser":27,"minecraft:ladder":28,"minecraft:spruce_slab":146,"minecraft:elytra":6,"minecraft:oak_sign":239,"minecraft:mangrove_button":22,"minecraft:black_carpet":2,"minecraft:polished_basalt":5,"minecraft:donkey_spawn_egg":1,"minecraft:chest":20,"minecraft:shield":350,"minecraft:white_terracotta":37,"minecraft:stone":1511,"minecraft:iron_sword":370,"minecraft:zombie_spawn_egg":65,"minecraft:quartz_stairs":21,"minecraft:grass":1,"minecraft:player_head":7,"minecraft:sculk_sensor":2,"minecraft:iron_chestplate":1,"minecraft:debug_stick":40,"minecraft:mooshroom_spawn_egg":1,"minecraft:skeleton_spawn_egg":54,"minecraft:blue_stained_glass":28,"minecraft:deepslate_tile_slab":31,"minecraft:deepslate_brick_slab":22,"minecraft:acacia_button":7,"minecraft:tuff":35,"minecraft:axolotl_bucket":12,"minecraft:stripped_spruce_log":209,"minecraft:big_dripleaf":42,"minecraft:polished_deepslate_stairs":36,"minecraft:polished_blackstone_slab":450,"minecraft:frog_spawn_egg":66,"minecraft:glass":52,"minecraft:honey_block":4,"minecraft:cyan_terracotta":20,"minecraft:lava_bucket":228,"minecraft:stripped_dark_oak_wood":9,"minecraft:bricks":355,"minecraft:mangrove_stairs":43,"minecraft:red_wool":242,"minecraft:quartz_slab":15,"minecraft:black_stained_glass_pane":4,"minecraft:lantern":31,"minecraft:grass_block":3358,"minecraft:packed_mud":51,"minecraft:polished_andesite_stairs":33,"minecraft:wet_sponge":2,"minecraft:dark_oak_slab":201,"minecraft:diorite_wall":4,"minecraft:stone_brick_stairs":80,"minecraft:stone_bricks":1279,"minecraft:item_frame":78,"minecraft:slime_spawn_egg":2,"minecraft:spruce_hanging_sign":2,"minecraft:repeater":1323,"minecraft:birch_button":26,"minecraft:birch_trapdoor":1,"minecraft:red_carpet":22,"minecraft:dolphin_spawn_egg":1,"minecraft:redstone_lamp":49,"minecraft:magma_block":2,"minecraft:bow":4654,"minecraft:scaffolding":13,"minecraft:jungle_button":19,"minecraft:furnace":1,"minecraft:mangrove_slab":346,"minecraft:acacia_fence":3,"minecraft:egg":2,"minecraft:pearlescent_froglight":5,"minecraft:seagrass":39,"minecraft:polished_blackstone_stairs":137,"minecraft:stripped_spruce_wood":14,"minecraft:lime_glazed_terracotta":11,"minecraft:zoglin_spawn_egg":1,"minecraft:mangrove_leaves":11,"minecraft:end_rod":92,"minecraft:waxed_oxidized_cut_copper_slab":5,"minecraft:dark_oak_stairs":94,"minecraft:mossy_stone_bricks":105,"minecraft:diorite":1,"minecraft:cow_spawn_egg":1,"minecraft:warped_fungus_on_a_stick":1,"minecraft:red_stained_glass":20,"minecraft:birch_leaves":68,"minecraft:infested_stone":4,"minecraft:stone_pickaxe":14,"minecraft:powered_rail":162,"minecraft:prismarine":51,"minecraft:mangrove_planks":56,"minecraft:oak_planks":1752,"minecraft:polished_diorite_slab":33,"minecraft:blackstone":182,"minecraft:ender_pearl":1338,"minecraft:redstone_block":4,"minecraft:diamond_axe":201,"minecraft:calibrated_sculk_sensor":2,"minecraft:smooth_quartz_stairs":169,"minecraft:oak_leaves":356,"minecraft:stripped_mangrove_wood":4,"minecraft:glow_berries":13,"minecraft:dark_oak_trapdoor":25,"minecraft:blue_dye":19,"minecraft:sand":1388,"minecraft:purpur_stairs":8,"minecraft:light_blue_concrete":7,"minecraft:yellow_terracotta":93,"minecraft:cut_sandstone_slab":18,"minecraft:light_gray_terracotta":57,"minecraft:ochre_froglight":9,"minecraft:yellow_concrete":55,"minecraft:crossbow":8236,"minecraft:dripstone_block":3,"minecraft:gray_concrete":349,"minecraft:sponge":42,"minecraft:chiseled_quartz_block":47,"minecraft:lingering_potion":1435,"minecraft:stone_brick_wall":103,"minecraft:cobbled_deepslate_stairs":2,"minecraft:deepslate_brick_stairs":22,"minecraft:deepslate_tiles":427,"minecraft:redstone_torch":588,"minecraft:sticky_piston":34,"minecraft:blue_glazed_terracotta":5,"minecraft:lever":28,"minecraft:green_concrete":238,"minecraft:red_sandstone":28,"minecraft:black_concrete":70,"minecraft:firework_rocket":216,"minecraft:daylight_detector":6,"minecraft:birch_fence_gate":8,"minecraft:crying_obsidian":5,"minecraft:light_gray_concrete":29,"minecraft:lime_carpet":5,"minecraft:gray_stained_glass_pane":12,"minecraft:birch_slab":8,"minecraft:heavy_weighted_pressure_plate":7,"minecraft:barrier":35,"minecraft:brown_stained_glass":2,"minecraft:brown_wool":14,"minecraft:stone_button":52,"minecraft:lectern":1,"minecraft:polished_granite":8,"minecraft:oak_pressure_plate":2,"minecraft:iron_door":69,"minecraft:deepslate":190,"minecraft:gravel":297,"minecraft:lilac":18,"minecraft:polished_andesite_slab":31,"minecraft:blackstone_slab":9,"minecraft:magenta_stained_glass_pane":41,"minecraft:smooth_red_sandstone_slab":46,"minecraft:diamond_sword":922,"minecraft:fire_charge":18,"minecraft:wooden_sword":161,"minecraft:stripped_oak_wood":90,"minecraft:grindstone":7,"minecraft:dark_oak_fence":12,"minecraft:smithing_table":2,"minecraft:birch_log":7,"minecraft:piglin_spawn_egg":1,"minecraft:andesite":62,"minecraft:chain":69,"minecraft:smooth_stone_slab":225,"minecraft:coarse_dirt":4,"minecraft:bone_meal":32,"minecraft:gray_stained_glass":1,"minecraft:azalea":36,"minecraft:oak_fence":60,"minecraft:trident":939,"minecraft:netherite_sword":815,"minecraft:jungle_leaves":14,"minecraft:iron_bars":744,"minecraft:stone_sword":275,"minecraft:orange_concrete":12,"minecraft:flint_and_steel":21,"minecraft:red_concrete":16,"minecraft:armor_stand":3,"minecraft:redstone":841,"minecraft:zombie_villager_spawn_egg":1,"minecraft:spruce_planks":422,"minecraft:tinted_glass":3,"minecraft:ender_chest":3,"minecraft:wither_skeleton_spawn_egg":1,"minecraft:jungle_hanging_sign":1,"minecraft:stripped_birch_wood":158,"minecraft:sandstone_wall":8,"minecraft:structure_block":55,"minecraft:cooked_chicken":1,"minecraft:dried_kelp_block":68,"minecraft:oak_door":17,"minecraft:torch":36,"minecraft:anvil":4,"minecraft:dirt":388,"minecraft:spyglass":228,"minecraft:ancient_debris":2,"minecraft:light_blue_dye":5,"minecraft:hopper":10,"minecraft:spruce_stairs":44,"minecraft:stone_stairs":96,"minecraft:nether_brick_slab":19,"minecraft:oak_wood":2,"minecraft:glow_lichen":20,"minecraft:spruce_fence":110,"minecraft:granite":49,"minecraft:allay_spawn_egg":1,"minecraft:blue_concrete":40,"minecraft:nether_brick_stairs":49,"minecraft:oak_fence_gate":1,"minecraft:polished_diorite":6,"minecraft:small_dripleaf":3,"minecraft:birch_door":6,"minecraft:purple_stained_glass_pane":1,"minecraft:stone_brick_slab":159,"minecraft:wooden_axe":12,"minecraft:dark_oak_planks":690,"minecraft:sea_lantern":1,"minecraft:flowering_azalea":2,"minecraft:bookshelf":6,"minecraft:waxed_cut_copper":8,"minecraft:oak_stairs":15,"minecraft:light_weighted_pressure_plate":3,"minecraft:spruce_button":13,"minecraft:slime_block":6,"minecraft:rooted_dirt":4,"minecraft:crimson_slab":120,"minecraft:brick_stairs":5,"minecraft:polished_deepslate_wall":1,"minecraft:bamboo_hanging_sign":5,"minecraft:jungle_log":50,"minecraft:birch_hanging_sign":4,"minecraft:chicken_spawn_egg":15,"minecraft:red_candle":37,"minecraft:polished_blackstone_brick_stairs":46,"minecraft:smooth_quartz":18,"minecraft:mud_bricks":208,"minecraft:crimson_planks":8,"minecraft:barrel":39,"minecraft:bamboo":6,"minecraft:smooth_basalt":8,"minecraft:blaze_spawn_egg":1,"minecraft:basalt":7,"minecraft:lime_concrete":12,"minecraft:warped_stairs":15,"minecraft:magenta_wool":5,"minecraft:iron_trapdoor":26,"minecraft:wolf_spawn_egg":2,"minecraft:goat_horn":2,"minecraft:deepslate_tile_stairs":12,"minecraft:white_stained_glass_pane":32,"minecraft:podzol":10,"minecraft:minecart":17,"minecraft:observer":6,"minecraft:stone_pressure_plate":16,"minecraft:mossy_stone_brick_wall":3,"minecraft:powder_snow_bucket":14,"minecraft:zombified_piglin_spawn_egg":7,"minecraft:red_dye":22,"minecraft:orange_terracotta":520,"minecraft:magenta_dye":1,"minecraft:turtle_spawn_egg":70,"minecraft:quartz_bricks":1,"minecraft:chiseled_bookshelf":3,"minecraft:water_bucket":687,"minecraft:warped_stem":3,"minecraft:mangrove_wood":15,"minecraft:pink_tulip":1,"minecraft:cobblestone_stairs":2,"minecraft:dark_oak_hanging_sign":3,"minecraft:birch_planks":515,"minecraft:glass_bottle":87,"minecraft:lime_wool":3,"minecraft:polished_andesite":349,"minecraft:netherite_chestplate":6,"minecraft:andesite_slab":4,"minecraft:smooth_sandstone_slab":274,"minecraft:cherry_planks":55,"minecraft:cauldron":13,"minecraft:sniffer_egg":1,"minecraft:glow_ink_sac":114,"minecraft:fletching_table":2,"minecraft:beacon":2,"minecraft:sheep_spawn_egg":13,"minecraft:red_glazed_terracotta":11,"minecraft:horse_spawn_egg":1,"minecraft:deepslate_bricks":255,"minecraft:conduit":4,"minecraft:polished_blackstone_bricks":235,"minecraft:mossy_cobblestone":26,"minecraft:glow_item_frame":24,"minecraft:polished_blackstone_pressure_plate":11,"minecraft:polished_deepslate_slab":4,"minecraft:diamond_block":12,"minecraft:lime_terracotta":94,"minecraft:rail":1355,"minecraft:terracotta":668,"minecraft:comparator":56,"minecraft:mangrove_trapdoor":80,"minecraft:vine":136,"minecraft:tnt":13,"minecraft:oak_slab":2,"minecraft:green_dye":47,"minecraft:red_bed":1,"minecraft:magenta_bed":20,"minecraft:phantom_spawn_egg":1,"minecraft:birch_sign":230,"minecraft:sculk_shrieker":3,"minecraft:campfire":46,"minecraft:dark_oak_fence_gate":12,"minecraft:painting":34,"minecraft:spruce_log":56,"minecraft:cake":7,"minecraft:warped_planks":3,"minecraft:deepslate_tile_wall":27,"minecraft:oak_log":295,"minecraft:amethyst_cluster":25,"minecraft:mud":162,"minecraft:gray_terracotta":5,"minecraft:piston":6,"minecraft:netherite_block":13,"minecraft:yellow_dye":16,"minecraft:light":21,"minecraft:black_wool":1,"minecraft:ghast_spawn_egg":1,"minecraft:acacia_sign":1,"minecraft:command_block":1268,"minecraft:oak_button":13,"minecraft:pig_spawn_egg":5,"minecraft:map":12,"minecraft:netherite_axe":948,"minecraft:detector_rail":7,"minecraft:jungle_stairs":4,"minecraft:stone_slab":345,"minecraft:spruce_trapdoor":42,"minecraft:purple_dye":9,"minecraft:yellow_wool":2,"minecraft:crimson_sign":11,"minecraft:blue_carpet":9,"minecraft:chiseled_stone_bricks":3,"minecraft:fishing_rod":127,"minecraft:cobblestone":2,"minecraft:potion":3152,"minecraft:azalea_leaves":4,"minecraft:stripped_crimson_hyphae":72,"minecraft:chain_command_block":29,"minecraft:sandstone_slab":29,"minecraft:bucket":2,"minecraft:glass_pane":54,"minecraft:repeating_command_block":67,"minecraft:polished_blackstone_button":2,"minecraft:goat_spawn_egg":1,"minecraft:stripped_oak_log":2,"minecraft:splash_potion":1372,"minecraft:smooth_stone":784,"minecraft:candle":12,"minecraft:birch_stairs":27,"minecraft:pillager_spawn_egg":2,"minecraft:soul_torch":16}},"DataVersion":3463}